name,region,min_price_억,mid_price_억,max_price_억,area_label,updated_at,source_note,price_source,transaction_count,latest_deal_date,source_url
역삼동하나빌,강남구,7.0,7.2,8.0,전용 51~52㎡,2026-05-11,국토부 실거래 3건 · 10~90백분위,molit_csv,3,2026-05-11,https://rt.molit.go.kr/pt/xls/xls.do?mobileAt=v
대우디오빌,강남구,6.4,7.6,7.85,전용 59~60㎡,2026-05-04,국토부 실거래 9건 · 10~90백분위,molit_csv,9,2026-05-04,https://rt.molit.go.kr/pt/xls/xls.do?mobileAt=v
골드클래스,강동구,5.3,5.3,5.4,전용 59~60㎡,2026-06-22,국토부 실거래 3건 · 10~90백분위,molit_csv,3,2026-06-22,https://rt.molit.go.kr/pt/xls/xls.do?mobileAt=v
동아,강동구,5.5,5.88,6.85,전용 54~59㎡,2026-05-11,국토부 실거래 8건 · 10~90백분위,molit_csv,8,2026-05-11,https://rt.molit.go.kr/pt/xls/xls.do?mobileAt=v
성내스테이,강동구,6.8,7.0,7.0,전용 53~53㎡,2026-05-13,국토부 실거래 3건 · 10~90백분위,molit_csv,3,2026-05-13,https://rt.molit.go.kr/pt/xls/xls.do?mobileAt=v
시앤디아파트,강동구,7.0,7.25,8.0,전용 54~54㎡,2026-03-31,국토부 실거래 5건 · 10~90백분위,molit_csv,5,2026-03-31,https://rt.molit.go.kr/pt/xls/xls.do?mobileAt=v
강동역두산위브센티움,강동구,7.0,7.37,7.63,전용 60~60㎡,2026-06-04,국토부 실거래 11건 · 10~90백분위,molit_csv,11,2026-06-04,https://rt.molit.go.kr/pt/xls/xls.do?mobileAt=v
중앙하이츠,강동구,7.2,7.67,8.0,전용 60~60㎡,2026-06-03,국토부 실거래 8건 · 10~90백분위,molit_csv,8,2026-06-03,https://rt.molit.go.kr/pt/xls/xls.do?mobileAt=v
유원아파트,강동구,5.1,7.7,7.95,전용 56~56㎡,2026-05-02,국토부 실거래 3건 · 10~90백분위,molit_csv,3,2026-05-02,https://rt.molit.go.kr/pt/xls/xls.do?mobileAt=v
동아하이빌아파트,강동구,7.7,8.3,8.42,전용 60~60㎡,2026-05-20,국토부 실거래 5건 · 10~90백분위,molit_csv,5,2026-05-20,https://rt.molit.go.kr/pt/xls/xls.do?mobileAt=v
라움포레,강동구,7.5,8.39,8.68,전용 58~59㎡,2026-05-20,국토부 실거래 4건 · 10~90백분위,molit_csv,4,2026-05-20,https://rt.molit.go.kr/pt/xls/xls.do?mobileAt=v
현대,강동구,9.0,9.05,9.9,전용 54~59㎡,2026-06-02,국토부 실거래 4건 · 10~90백분위,molit_csv,4,2026-06-02,https://rt.molit.go.kr/pt/xls/xls.do?mobileAt=v
강동리엔파크14단지,강동구,9.18,9.7,10.0,전용 60~60㎡,2026-04-27,국토부 실거래 8건 · 10~90백분위,molit_csv,8,2026-04-27,https://rt.molit.go.kr/pt/xls/xls.do?mobileAt=v
천호동삼성아파트,강동구,8.7,9.7,9.95,전용 60~60㎡,2026-04-10,국토부 실거래 3건 · 10~90백분위,molit_csv,3,2026-04-10,https://rt.molit.go.kr/pt/xls/xls.do?mobileAt=v
기산그린,강북구,3.85,3.96,4.08,전용 60~60㎡,2026-06-12,국토부 실거래 6건 · 10~90백분위,molit_csv,6,2026-06-12,https://rt.molit.go.kr/pt/xls/xls.do?mobileAt=v
번동솔그린,강북구,4.2,4.3,4.8,전용 60~60㎡,2026-06-18,국토부 실거래 5건 · 10~90백분위,molit_csv,5,2026-06-18,https://rt.molit.go.kr/pt/xls/xls.do?mobileAt=v
한진,강북구,4.1,4.6,4.8,전용 59~60㎡,2026-05-26,국토부 실거래 5건 · 10~90백분위,molit_csv,5,2026-05-26,https://rt.molit.go.kr/pt/xls/xls.do?mobileAt=v
해모로아파트,강북구,4.7,4.95,5.47,전용 60~60㎡,2026-06-11,국토부 실거래 4건 · 10~90백분위,molit_csv,4,2026-06-11,https://rt.molit.go.kr/pt/xls/xls.do?mobileAt=v
삼성,강북구,5.0,5.0,5.06,전용 60~60㎡,2026-05-09,국토부 실거래 3건 · 10~90백분위,molit_csv,3,2026-05-09,https://rt.molit.go.kr/pt/xls/xls.do?mobileAt=v
주공4단지,강북구,4.9,5.28,5.6,전용 59~59㎡,2026-06-09,국토부 실거래 4건 · 10~90백분위,molit_csv,4,2026-06-09,https://rt.molit.go.kr/pt/xls/xls.do?mobileAt=v
동문,강북구,5.05,5.3,5.85,전용 60~60㎡,2026-05-18,국토부 실거래 5건 · 10~90백분위,molit_csv,5,2026-05-18,https://rt.molit.go.kr/pt/xls/xls.do?mobileAt=v
래미안수유,강북구,5.73,5.8,5.95,전용 60~60㎡,2026-06-08,국토부 실거래 7건 · 10~90백분위,molit_csv,7,2026-06-08,https://rt.molit.go.kr/pt/xls/xls.do?mobileAt=v
벽산라이브파크,강북구,5.8,5.97,6.42,전용 60~60㎡,2026-06-25,국토부 실거래 24건 · 10~90백분위,molit_csv,24,2026-06-25,https://rt.molit.go.kr/pt/xls/xls.do?mobileAt=v
에스케이북한산시티,강북구,6.07,6.65,7.15,전용 60~60㎡,2026-05-30,국토부 실거래 64건 · 10~90백분위,molit_csv,64,2026-05-30,https://rt.molit.go.kr/pt/xls/xls.do?mobileAt=v
삼각산아이원,강북구,6.44,6.67,7.5,전용 60~60㎡,2026-06-13,국토부 실거래 11건 · 10~90백분위,molit_csv,11,2026-06-13,https://rt.molit.go.kr/pt/xls/xls.do?mobileAt=v
경남아너스빌(1356-0),강북구,7.3,7.69,7.7,전용 60~60㎡,2026-05-20,국토부 실거래 8건 · 10~90백분위,molit_csv,8,2026-05-20,https://rt.molit.go.kr/pt/xls/xls.do?mobileAt=v
꿈의숲한신더휴,강북구,7.08,7.75,7.8,전용 60~60㎡,2026-06-18,국토부 실거래 10건 · 10~90백분위,molit_csv,10,2026-06-18,https://rt.molit.go.kr/pt/xls/xls.do?mobileAt=v
두산위브트레지움,강북구,8.0,8.3,8.8,전용 60~60㎡,2026-06-05,국토부 실거래 13건 · 10~90백분위,molit_csv,13,2026-06-05,https://rt.molit.go.kr/pt/xls/xls.do?mobileAt=v
꿈의숲해링턴플레이스,강북구,8.65,8.85,9.25,전용 59~60㎡,2026-06-20,국토부 실거래 18건 · 10~90백분위,molit_csv,18,2026-06-20,https://rt.molit.go.kr/pt/xls/xls.do?mobileAt=v
래미안트리베라1단지,강북구,9.0,9.25,9.6,전용 60~60㎡,2026-06-12,국토부 실거래 9건 · 10~90백분위,molit_csv,9,2026-06-12,https://rt.molit.go.kr/pt/xls/xls.do?mobileAt=v
삼성래미안트리베라2단지,강북구,8.2,9.3,9.5,전용 59~59㎡,2026-06-13,국토부 실거래 11건 · 10~90백분위,molit_csv,11,2026-06-13,https://rt.molit.go.kr/pt/xls/xls.do?mobileAt=v
미아동부센트레빌,강북구,9.25,9.6,9.95,전용 60~60㎡,2026-05-30,국토부 실거래 5건 · 10~90백분위,molit_csv,5,2026-05-30,https://rt.molit.go.kr/pt/xls/xls.do?mobileAt=v
중앙화곡하이츠,강서구,4.2,4.3,4.65,전용 57~57㎡,2026-06-12,국토부 실거래 10건 · 10~90백분위,molit_csv,10,2026-06-12,https://rt.molit.go.kr/pt/xls/xls.do?mobileAt=v
태영방송인,강서구,4.5,4.55,4.55,전용 60~60㎡,2026-06-20,국토부 실거래 3건 · 10~90백분위,molit_csv,3,2026-06-20,https://rt.molit.go.kr/pt/xls/xls.do?mobileAt=v
마곡서광(치현마을),강서구,5.0,5.24,5.7,전용 60~60㎡,2026-06-26,국토부 실거래 8건 · 10~90백분위,molit_csv,8,2026-06-26,https://rt.molit.go.kr/pt/xls/xls.do?mobileAt=v
삼성꽃마을,강서구,5.35,5.48,5.8,전용 60~60㎡,2026-06-20,국토부 실거래 6건 · 10~90백분위,molit_csv,6,2026-06-20,https://rt.molit.go.kr/pt/xls/xls.do?mobileAt=v
주상복합태진가람,강서구,5.4,5.8,6.05,전용 59~59㎡,2026-06-06,국토부 실거래 3건 · 10~90백분위,molit_csv,3,2026-06-06,https://rt.molit.go.kr/pt/xls/xls.do?mobileAt=v
마곡중앙하이츠아파트,강서구,5.4,6.0,6.48,전용 51~59㎡,2026-07-04,국토부 실거래 24건 · 10~90백분위,molit_csv,24,2026-07-04,https://rt.molit.go.kr/pt/xls/xls.do?mobileAt=v
동일스위트리버2차,강서구,5.95,6.03,6.3,전용 59~60㎡,2026-06-24,국토부 실거래 4건 · 10~90백분위,molit_csv,4,2026-06-24,https://rt.molit.go.kr/pt/xls/xls.do?mobileAt=v
나성,강서구,6.1,6.15,6.38,전용 60~60㎡,2026-05-21,국토부 실거래 7건 · 10~90백분위,molit_csv,7,2026-05-21,https://rt.molit.go.kr/pt/xls/xls.do?mobileAt=v
치현마을동일스위트리버,강서구,6.1,6.2,6.8,전용 60~60㎡,2026-05-25,국토부 실거래 3건 · 10~90백분위,molit_csv,3,2026-05-25,https://rt.molit.go.kr/pt/xls/xls.do?mobileAt=v
장미,강서구,3.9,6.33,6.9,전용 59~59㎡,2026-06-15,국토부 실거래 5건 · 10~90백분위,molit_csv,5,2026-06-15,https://rt.molit.go.kr/pt/xls/xls.do?mobileAt=v
길훈,강서구,6.0,6.48,9.1,전용 51~60㎡,2026-06-24,국토부 실거래 5건 · 10~90백분위,molit_csv,5,2026-06-24,https://rt.molit.go.kr/pt/xls/xls.do?mobileAt=v
현대,강서구,6.35,6.73,7.2,전용 60~60㎡,2026-05-26,국토부 실거래 5건 · 10~90백분위,molit_csv,5,2026-05-26,https://rt.molit.go.kr/pt/xls/xls.do?mobileAt=v
등촌동현대2차,강서구,6.7,6.8,6.98,전용 60~60㎡,2026-03-31,국토부 실거래 3건 · 10~90백분위,molit_csv,3,2026-03-31,https://rt.molit.go.kr/pt/xls/xls.do?mobileAt=v
마곡삼성아파트,강서구,6.75,6.9,7.1,전용 60~60㎡,2026-05-22,국토부 실거래 5건 · 10~90백분위,molit_csv,5,2026-05-22,https://rt.molit.go.kr/pt/xls/xls.do?mobileAt=v
마곡현대아파트,강서구,6.0,6.9,7.01,전용 60~60㎡,2026-06-29,국토부 실거래 3건 · 10~90백분위,molit_csv,3,2026-06-29,https://rt.molit.go.kr/pt/xls/xls.do?mobileAt=v
태진아름,강서구,6.4,6.9,7.0,전용 60~60㎡,2026-04-04,국토부 실거래 5건 · 10~90백분위,molit_csv,5,2026-04-04,https://rt.molit.go.kr/pt/xls/xls.do?mobileAt=v
마곡청구아파트,강서구,7.0,7.19,7.4,전용 60~60㎡,2026-05-27,국토부 실거래 6건 · 10~90백분위,molit_csv,6,2026-05-27,https://rt.molit.go.kr/pt/xls/xls.do?mobileAt=v
제일(코오롱),강서구,6.85,7.2,7.45,전용 60~60㎡,2026-05-19,국토부 실거래 9건 · 10~90백분위,molit_csv,9,2026-05-19,https://rt.molit.go.kr/pt/xls/xls.do?mobileAt=v
청솔,강서구,6.5,7.2,7.35,전용 59~59㎡,2026-06-29,국토부 실거래 9건 · 10~90백분위,molit_csv,9,2026-06-29,https://rt.molit.go.kr/pt/xls/xls.do?mobileAt=v
마곡 한진해모로,강서구,7.1,7.3,7.5,전용 60~60㎡,2026-06-18,국토부 실거래 7건 · 10~90백분위,molit_csv,7,2026-06-18,https://rt.molit.go.kr/pt/xls/xls.do?mobileAt=v
보람(640),강서구,7.0,7.47,7.5,전용 59~59㎡,2026-05-22,국토부 실거래 6건 · 10~90백분위,molit_csv,6,2026-05-22,https://rt.molit.go.kr/pt/xls/xls.do?mobileAt=v
공항동부센트레빌,강서구,7.0,7.5,7.75,전용 60~60㎡,2026-06-25,국토부 실거래 6건 · 10~90백분위,molit_csv,6,2026-06-25,https://rt.molit.go.kr/pt/xls/xls.do?mobileAt=v
화곡보람,강서구,7.2,7.8,7.85,전용 59~59㎡,2026-06-28,국토부 실거래 3건 · 10~90백분위,molit_csv,3,2026-06-28,https://rt.molit.go.kr/pt/xls/xls.do?mobileAt=v
태영,강서구,7.45,7.95,9.4,전용 60~60㎡,2026-06-29,국토부 실거래 8건 · 10~90백분위,molit_csv,8,2026-06-29,https://rt.molit.go.kr/pt/xls/xls.do?mobileAt=v
한보구암마을,강서구,7.5,7.95,8.55,전용 59~60㎡,2026-05-29,국토부 실거래 9건 · 10~90백분위,molit_csv,9,2026-05-29,https://rt.molit.go.kr/pt/xls/xls.do?mobileAt=v
벽산,강서구,7.8,8.0,8.75,전용 60~60㎡,2026-06-09,국토부 실거래 5건 · 10~90백분위,molit_csv,5,2026-06-09,https://rt.molit.go.kr/pt/xls/xls.do?mobileAt=v
벽산늘푸른,강서구,6.5,8.08,8.4,전용 60~60㎡,2026-05-28,국토부 실거래 5건 · 10~90백분위,molit_csv,5,2026-05-28,https://rt.molit.go.kr/pt/xls/xls.do?mobileAt=v
초록,강서구,7.7,8.1,8.5,전용 59~60㎡,2026-07-02,국토부 실거래 9건 · 10~90백분위,molit_csv,9,2026-07-02,https://rt.molit.go.kr/pt/xls/xls.do?mobileAt=v
마곡일성트루엘아파트,강서구,8.0,8.3,9.0,전용 60~60㎡,2026-06-29,국토부 실거래 5건 · 10~90백분위,molit_csv,5,2026-06-29,https://rt.molit.go.kr/pt/xls/xls.do?mobileAt=v
신동아,강서구,6.5,8.45,9.0,전용 59~60㎡,2026-06-05,국토부 실거래 13건 · 10~90백분위,molit_csv,13,2026-06-05,https://rt.molit.go.kr/pt/xls/xls.do?mobileAt=v
대동황토방,강서구,8.3,8.55,8.9,전용 60~60㎡,2026-07-01,국토부 실거래 7건 · 10~90백분위,molit_csv,7,2026-07-01,https://rt.molit.go.kr/pt/xls/xls.do?mobileAt=v
빛고을우방,강서구,7.64,8.82,9.2,전용 60~60㎡,2026-04-29,국토부 실거래 4건 · 10~90백분위,molit_csv,4,2026-04-29,https://rt.molit.go.kr/pt/xls/xls.do?mobileAt=v
월드메르디앙,강서구,7.7,8.82,9.5,전용 60~60㎡,2026-05-29,국토부 실거래 6건 · 10~90백분위,molit_csv,6,2026-05-29,https://rt.molit.go.kr/pt/xls/xls.do?mobileAt=v
삼성한사랑1,강서구,8.62,8.85,9.05,전용 60~60㎡,2026-06-09,국토부 실거래 7건 · 10~90백분위,molit_csv,7,2026-06-09,https://rt.molit.go.kr/pt/xls/xls.do?mobileAt=v
한사랑2삼성,강서구,8.36,8.95,9.2,전용 59~60㎡,2026-04-20,국토부 실거래 5건 · 10~90백분위,molit_csv,5,2026-04-20,https://rt.molit.go.kr/pt/xls/xls.do?mobileAt=v
e편한세상염창,강서구,9.0,9.0,9.1,전용 55~55㎡,2026-04-08,국토부 실거래 3건 · 10~90백분위,molit_csv,3,2026-04-08,https://rt.molit.go.kr/pt/xls/xls.do?mobileAt=v
등촌라인(조합),강서구,8.2,9.0,9.5,전용 60~60㎡,2026-06-16,국토부 실거래 8건 · 10~90백분위,molit_csv,8,2026-06-16,https://rt.molit.go.kr/pt/xls/xls.do?mobileAt=v
극동상록수,강서구,9.0,9.1,9.65,전용 60~60㎡,2026-05-23,국토부 실거래 3건 · 10~90백분위,molit_csv,3,2026-05-23,https://rt.molit.go.kr/pt/xls/xls.do?mobileAt=v
주공3,강서구,6.2,9.3,9.8,전용 58~58㎡,2026-05-01,국토부 실거래 14건 · 10~90백분위,molit_csv,14,2026-05-01,https://rt.molit.go.kr/pt/xls/xls.do?mobileAt=v
대동황토방2,강서구,8.2,9.35,9.6,전용 60~60㎡,2026-06-22,국토부 실거래 3건 · 10~90백분위,molit_csv,3,2026-06-22,https://rt.molit.go.kr/pt/xls/xls.do?mobileAt=v
서광등촌마을아파트,강서구,8.8,9.4,9.94,전용 60~60㎡,2026-05-30,국토부 실거래 7건 · 10~90백분위,molit_csv,7,2026-05-30,https://rt.molit.go.kr/pt/xls/xls.do?mobileAt=v
동아,강서구,8.85,9.45,9.65,전용 60~60㎡,2026-05-30,국토부 실거래 6건 · 10~90백분위,molit_csv,6,2026-05-30,https://rt.molit.go.kr/pt/xls/xls.do?mobileAt=v
주공5,강서구,9.0,9.46,9.9,전용 58~58㎡,2026-05-22,국토부 실거래 22건 · 10~90백분위,molit_csv,22,2026-05-22,https://rt.molit.go.kr/pt/xls/xls.do?mobileAt=v
태진한솔,강서구,8.6,9.5,9.94,전용 59~59㎡,2026-05-16,국토부 실거래 5건 · 10~90백분위,molit_csv,5,2026-05-16,https://rt.molit.go.kr/pt/xls/xls.do?mobileAt=v
금호타운,강서구,8.7,9.52,9.7,전용 60~60㎡,2026-03-31,국토부 실거래 4건 · 10~90백분위,molit_csv,4,2026-03-31,https://rt.molit.go.kr/pt/xls/xls.do?mobileAt=v
성원,강서구,9.0,9.55,9.85,전용 60~60㎡,2026-05-15,국토부 실거래 5건 · 10~90백분위,molit_csv,5,2026-05-15,https://rt.molit.go.kr/pt/xls/xls.do?mobileAt=v
삼성한마음,강서구,9.28,9.6,9.78,전용 60~60㎡,2026-06-30,국토부 실거래 5건 · 10~90백분위,molit_csv,5,2026-06-30,https://rt.molit.go.kr/pt/xls/xls.do?mobileAt=v
관음삼성,강서구,9.35,9.74,9.99,전용 60~60㎡,2026-05-25,국토부 실거래 8건 · 10~90백분위,molit_csv,8,2026-05-25,https://rt.molit.go.kr/pt/xls/xls.do?mobileAt=v
주공10,강서구,8.4,9.8,10.0,전용 58~58㎡,2026-06-18,국토부 실거래 9건 · 10~90백분위,molit_csv,9,2026-06-18,https://rt.molit.go.kr/pt/xls/xls.do?mobileAt=v
국제산장,관악구,4.0,4.26,4.28,전용 60~60㎡,2026-07-03,국토부 실거래 3건 · 10~90백분위,molit_csv,3,2026-07-03,https://rt.molit.go.kr/pt/xls/xls.do?mobileAt=v
주공1,관악구,3.9,4.27,4.48,전용 60~60㎡,2026-05-30,국토부 실거래 5건 · 10~90백분위,molit_csv,5,2026-05-30,https://rt.molit.go.kr/pt/xls/xls.do?mobileAt=v
태흥,관악구,4.0,4.28,4.3,전용 60~60㎡,2026-05-16,국토부 실거래 6건 · 10~90백분위,molit_csv,6,2026-05-16,https://rt.molit.go.kr/pt/xls/xls.do?mobileAt=v
금호(1차),관악구,2.81,4.33,4.42,전용 59~59㎡,2026-06-12,국토부 실거래 4건 · 10~90백분위,molit_csv,4,2026-06-12,https://rt.molit.go.kr/pt/xls/xls.do?mobileAt=v
건영2,관악구,3.75,4.38,4.55,전용 60~60㎡,2026-07-06,국토부 실거래 4건 · 10~90백분위,molit_csv,4,2026-07-06,https://rt.molit.go.kr/pt/xls/xls.do?mobileAt=v
관악,관악구,4.0,4.5,6.3,전용 57~57㎡,2026-04-23,국토부 실거래 3건 · 10~90백분위,molit_csv,3,2026-04-23,https://rt.molit.go.kr/pt/xls/xls.do?mobileAt=v
신림동쌍용아파트,관악구,5.0,5.1,5.2,전용 59~59㎡,2026-05-22,국토부 실거래 4건 · 10~90백분위,molit_csv,4,2026-05-22,https://rt.molit.go.kr/pt/xls/xls.do?mobileAt=v
삼성산주공(주공3단지),관악구,5.1,5.25,5.45,전용 59~59㎡,2026-07-01,국토부 실거래 11건 · 10~90백분위,molit_csv,11,2026-07-01,https://rt.molit.go.kr/pt/xls/xls.do?mobileAt=v
라이프,관악구,4.92,5.3,5.4,전용 59~59㎡,2026-05-23,국토부 실거래 3건 · 10~90백분위,molit_csv,3,2026-05-23,https://rt.molit.go.kr/pt/xls/xls.do?mobileAt=v
그대家,관악구,4.9,5.42,5.7,전용 60~60㎡,2026-07-04,국토부 실거래 15건 · 10~90백분위,molit_csv,15,2026-07-04,https://rt.molit.go.kr/pt/xls/xls.do?mobileAt=v
LIG대학마을(건영아파트3차),관악구,5.3,5.5,5.9,전용 59~59㎡,2026-05-16,국토부 실거래 17건 · 10~90백분위,molit_csv,17,2026-05-16,https://rt.molit.go.kr/pt/xls/xls.do?mobileAt=v
관악산휴먼시아1단지,관악구,5.8,6.0,6.4,전용 60~60㎡,2026-05-23,국토부 실거래 11건 · 10~90백분위,molit_csv,11,2026-05-23,https://rt.molit.go.kr/pt/xls/xls.do?mobileAt=v
일두(1021),관악구,6.0,6.0,6.2,전용 58~58㎡,2026-05-20,국토부 실거래 3건 · 10~90백분위,molit_csv,3,2026-05-20,https://rt.molit.go.kr/pt/xls/xls.do?mobileAt=v
관악산휴먼시아2단지,관악구,5.98,6.19,6.4,전용 60~60㎡,2026-07-07,국토부 실거래 22건 · 10~90백분위,molit_csv,22,2026-07-07,https://rt.molit.go.kr/pt/xls/xls.do?mobileAt=v
우방,관악구,6.3,6.34,6.45,전용 60~60㎡,2026-06-19,국토부 실거래 8건 · 10~90백분위,molit_csv,8,2026-06-19,https://rt.molit.go.kr/pt/xls/xls.do?mobileAt=v
반석푸른숲,관악구,6.1,6.38,6.5,전용 59~59㎡,2026-06-04,국토부 실거래 4건 · 10~90백분위,molit_csv,4,2026-06-04,https://rt.molit.go.kr/pt/xls/xls.do?mobileAt=v
동부,관악구,6.3,6.5,6.68,전용 51~51㎡,2026-05-18,국토부 실거래 5건 · 10~90백분위,molit_csv,5,2026-05-18,https://rt.molit.go.kr/pt/xls/xls.do?mobileAt=v
신림2차푸르지오,관악구,6.55,6.57,6.7,전용 60~60㎡,2026-06-25,국토부 실거래 3건 · 10~90백분위,molit_csv,3,2026-06-25,https://rt.molit.go.kr/pt/xls/xls.do?mobileAt=v
성우,관악구,6.55,6.6,6.8,전용 60~60㎡,2026-06-13,국토부 실거래 3건 · 10~90백분위,molit_csv,3,2026-06-13,https://rt.molit.go.kr/pt/xls/xls.do?mobileAt=v
신림현대,관악구,6.35,6.68,7.1,전용 60~60㎡,2026-05-05,국토부 실거래 10건 · 10~90백분위,molit_csv,10,2026-05-05,https://rt.molit.go.kr/pt/xls/xls.do?mobileAt=v
해태보라매타워,관악구,6.1,6.78,7.5,전용 60~60㎡,2026-05-30,국토부 실거래 5건 · 10~90백분위,molit_csv,5,2026-05-30,https://rt.molit.go.kr/pt/xls/xls.do?mobileAt=v
은천2단지아파트,관악구,6.3,7.03,7.4,전용 60~60㎡,2026-06-12,국토부 실거래 12건 · 10~90백분위,molit_csv,12,2026-06-12,https://rt.molit.go.kr/pt/xls/xls.do?mobileAt=v
서울대입구역더하이브센트럴,관악구,7.05,7.05,7.4,전용 60~60㎡,2026-04-18,국토부 실거래 3건 · 10~90백분위,molit_csv,3,2026-04-18,https://rt.molit.go.kr/pt/xls/xls.do?mobileAt=v
서희스타힐스,관악구,6.4,7.4,8.15,전용 53~60㎡,2026-06-03,국토부 실거래 3건 · 10~90백분위,molit_csv,3,2026-06-03,https://rt.molit.go.kr/pt/xls/xls.do?mobileAt=v
낙성대현대(296),관악구,7.9,8.0,8.3,전용 60~60㎡,2026-04-24,국토부 실거래 4건 · 10~90백분위,molit_csv,4,2026-04-24,https://rt.molit.go.kr/pt/xls/xls.do?mobileAt=v
브라운스톤관악,관악구,8.1,8.45,8.5,전용 60~60㎡,2026-04-25,국토부 실거래 3건 · 10~90백분위,molit_csv,3,2026-04-25,https://rt.molit.go.kr/pt/xls/xls.do?mobileAt=v
관악파크푸르지오,관악구,8.35,8.75,9.14,전용 60~60㎡,2026-02-07,국토부 실거래 4건 · 10~90백분위,molit_csv,4,2026-02-07,https://rt.molit.go.kr/pt/xls/xls.do?mobileAt=v
봉천동아,관악구,7.9,9.03,9.75,전용 60~60㎡,2026-02-28,국토부 실거래 4건 · 10~90백분위,molit_csv,4,2026-02-28,https://rt.molit.go.kr/pt/xls/xls.do?mobileAt=v
관악동부센트레빌,관악구,8.7,9.25,10.0,전용 60~60㎡,2026-03-26,국토부 실거래 3건 · 10~90백분위,molit_csv,3,2026-03-26,https://rt.molit.go.kr/pt/xls/xls.do?mobileAt=v
현대(관악),관악구,8.15,9.43,9.9,전용 59~59㎡,2026-06-06,국토부 실거래 20건 · 10~90백분위,molit_csv,20,2026-06-06,https://rt.molit.go.kr/pt/xls/xls.do?mobileAt=v
벽산블루밍,관악구,9.18,9.45,9.8,전용 60~60㎡,2026-06-20,국토부 실거래 29건 · 10~90백분위,molit_csv,29,2026-06-20,https://rt.molit.go.kr/pt/xls/xls.do?mobileAt=v
봉천우성,관악구,8.5,9.45,9.8,전용 60~60㎡,2026-05-25,국토부 실거래 22건 · 10~90백분위,molit_csv,22,2026-05-25,https://rt.molit.go.kr/pt/xls/xls.do?mobileAt=v
관악푸르지오,관악구,9.1,9.73,10.0,전용 60~60㎡,2026-01-24,국토부 실거래 4건 · 10~90백분위,molit_csv,4,2026-01-24,https://rt.molit.go.kr/pt/xls/xls.do?mobileAt=v
벽산블루밍3차,관악구,9.0,9.77,9.85,전용 60~60㎡,2026-06-26,국토부 실거래 4건 · 10~90백분위,molit_csv,4,2026-06-26,https://rt.molit.go.kr/pt/xls/xls.do?mobileAt=v
관악드림(삼성),관악구,9.2,9.8,9.97,전용 60~60㎡,2026-02-05,국토부 실거래 4건 · 10~90백분위,molit_csv,4,2026-02-05,https://rt.molit.go.kr/pt/xls/xls.do?mobileAt=v
중곡1단지,광진구,5.0,5.34,5.5,전용 58~59㎡,2026-03-21,국토부 실거래 6건 · 10~90백분위,molit_csv,6,2026-03-21,https://rt.molit.go.kr/pt/xls/xls.do?mobileAt=v
엘림퍼스트중곡동,광진구,5.4,5.45,5.65,전용 53~55㎡,2026-04-02,국토부 실거래 4건 · 10~90백분위,molit_csv,4,2026-04-02,https://rt.molit.go.kr/pt/xls/xls.do?mobileAt=v
성원,광진구,5.28,5.47,5.68,전용 60~60㎡,2026-06-15,국토부 실거래 3건 · 10~90백분위,molit_csv,3,2026-06-15,https://rt.molit.go.kr/pt/xls/xls.do?mobileAt=v
현대팰리스,광진구,5.15,5.5,5.5,전용 51~60㎡,2026-05-08,국토부 실거래 3건 · 10~90백분위,molit_csv,3,2026-05-08,https://rt.molit.go.kr/pt/xls/xls.do?mobileAt=v
중곡2단지,광진구,5.0,6.17,6.2,전용 56~56㎡,2026-06-23,국토부 실거래 11건 · 10~90백분위,molit_csv,11,2026-06-23,https://rt.molit.go.kr/pt/xls/xls.do?mobileAt=v
브라운스톤,광진구,5.0,6.95,7.0,전용 58~58㎡,2026-06-22,국토부 실거래 3건 · 10~90백분위,molit_csv,3,2026-06-22,https://rt.molit.go.kr/pt/xls/xls.do?mobileAt=v
그랜드아파트,광진구,7.3,8.2,8.2,전용 55~60㎡,2026-07-03,국토부 실거래 3건 · 10~90백분위,molit_csv,3,2026-07-03,https://rt.molit.go.kr/pt/xls/xls.do?mobileAt=v
일성파크,광진구,8.15,8.84,8.9,전용 60~60㎡,2026-06-10,국토부 실거래 6건 · 10~90백분위,molit_csv,6,2026-06-10,https://rt.molit.go.kr/pt/xls/xls.do?mobileAt=v
길훈,구로구,2.6,2.7,2.85,전용 54~54㎡,2026-06-28,국토부 실거래 3건 · 10~90백분위,molit_csv,3,2026-06-28,https://rt.molit.go.kr/pt/xls/xls.do?mobileAt=v
금강,구로구,3.7,3.75,3.83,전용 55~60㎡,2026-05-25,국토부 실거래 4건 · 10~90백분위,molit_csv,4,2026-05-25,https://rt.molit.go.kr/pt/xls/xls.do?mobileAt=v
성락,구로구,3.75,3.85,3.85,전용 57~57㎡,2026-06-28,국토부 실거래 3건 · 10~90백분위,molit_csv,3,2026-06-28,https://rt.molit.go.kr/pt/xls/xls.do?mobileAt=v
거성푸르뫼,구로구,3.8,4.12,4.45,전용 60~60㎡,2026-04-15,국토부 실거래 4건 · 10~90백분위,molit_csv,4,2026-04-15,https://rt.molit.go.kr/pt/xls/xls.do?mobileAt=v
극동,구로구,3.8,4.18,4.28,전용 56~58㎡,2026-06-26,국토부 실거래 4건 · 10~90백분위,molit_csv,4,2026-06-26,https://rt.molit.go.kr/pt/xls/xls.do?mobileAt=v
거성푸르뫼2,구로구,4.0,4.3,4.63,전용 60~60㎡,2026-06-06,국토부 실거래 4건 · 10~90백분위,molit_csv,4,2026-06-06,https://rt.molit.go.kr/pt/xls/xls.do?mobileAt=v
라인,구로구,4.07,4.31,4.48,전용 60~60㎡,2026-07-04,국토부 실거래 4건 · 10~90백분위,molit_csv,4,2026-07-04,https://rt.molit.go.kr/pt/xls/xls.do?mobileAt=v
대상,구로구,4.23,4.4,4.6,전용 60~60㎡,2026-04-04,국토부 실거래 5건 · 10~90백분위,molit_csv,5,2026-04-04,https://rt.molit.go.kr/pt/xls/xls.do?mobileAt=v
동부골든,구로구,4.5,4.62,4.7,전용 60~60㎡,2026-06-12,국토부 실거래 8건 · 10~90백분위,molit_csv,8,2026-06-12,https://rt.molit.go.kr/pt/xls/xls.do?mobileAt=v
양우,구로구,4.45,4.67,4.9,전용 60~60㎡,2026-06-15,국토부 실거래 5건 · 10~90백분위,molit_csv,5,2026-06-15,https://rt.molit.go.kr/pt/xls/xls.do?mobileAt=v
동부(105동~106동),구로구,4.59,4.73,5.05,전용 60~60㎡,2026-05-20,국토부 실거래 3건 · 10~90백분위,molit_csv,3,2026-05-20,https://rt.molit.go.kr/pt/xls/xls.do?mobileAt=v
동선,구로구,4.7,4.75,4.75,전용 58~58㎡,2026-05-16,국토부 실거래 6건 · 10~90백분위,molit_csv,6,2026-05-16,https://rt.molit.go.kr/pt/xls/xls.do?mobileAt=v
서울가든,구로구,4.7,4.85,5.85,전용 55~55㎡,2026-06-26,국토부 실거래 3건 · 10~90백분위,molit_csv,3,2026-06-26,https://rt.molit.go.kr/pt/xls/xls.do?mobileAt=v
금호,구로구,4.85,4.9,5.0,전용 60~60㎡,2026-04-25,국토부 실거래 4건 · 10~90백분위,molit_csv,4,2026-04-25,https://rt.molit.go.kr/pt/xls/xls.do?mobileAt=v
순영웰라이빌1차,구로구,4.8,4.9,5.0,전용 60~60㎡,2026-05-09,국토부 실거래 8건 · 10~90백분위,molit_csv,8,2026-05-09,https://rt.molit.go.kr/pt/xls/xls.do?mobileAt=v
경남1,구로구,5.0,5.2,5.3,전용 60~60㎡,2026-05-20,국토부 실거래 4건 · 10~90백분위,molit_csv,4,2026-05-20,https://rt.molit.go.kr/pt/xls/xls.do?mobileAt=v
상우,구로구,5.05,5.2,5.45,전용 59~59㎡,2026-05-16,국토부 실거래 7건 · 10~90백분위,molit_csv,7,2026-05-16,https://rt.molit.go.kr/pt/xls/xls.do?mobileAt=v
한신플러스타운,구로구,5.28,5.35,5.64,전용 60~60㎡,2026-07-06,국토부 실거래 6건 · 10~90백분위,molit_csv,6,2026-07-06,https://rt.molit.go.kr/pt/xls/xls.do?mobileAt=v
덕영드림,구로구,5.05,5.39,5.65,전용 56~56㎡,2026-04-28,국토부 실거래 4건 · 10~90백분위,molit_csv,4,2026-04-28,https://rt.molit.go.kr/pt/xls/xls.do?mobileAt=v
경남2,구로구,5.08,5.4,5.7,전용 60~60㎡,2026-06-29,국토부 실거래 5건 · 10~90백분위,molit_csv,5,2026-06-29,https://rt.molit.go.kr/pt/xls/xls.do?mobileAt=v
청솔우성,구로구,5.0,5.4,5.5,전용 59~59㎡,2026-06-14,국토부 실거래 3건 · 10~90백분위,molit_csv,3,2026-06-14,https://rt.molit.go.kr/pt/xls/xls.do?mobileAt=v
우리유앤미,구로구,5.05,5.51,5.79,전용 54~59㎡,2026-06-27,국토부 실거래 6건 · 10~90백분위,molit_csv,6,2026-06-27,https://rt.molit.go.kr/pt/xls/xls.do?mobileAt=v
우림필유,구로구,5.48,5.59,5.85,전용 60~60㎡,2026-05-23,국토부 실거래 4건 · 10~90백분위,molit_csv,4,2026-05-23,https://rt.molit.go.kr/pt/xls/xls.do?mobileAt=v
오류동금호어울림,구로구,5.5,5.6,5.83,전용 60~60㎡,2026-06-26,국토부 실거래 4건 · 10~90백분위,molit_csv,4,2026-06-26,https://rt.molit.go.kr/pt/xls/xls.do?mobileAt=v
구일우성,구로구,5.41,5.65,5.86,전용 59~59㎡,2026-07-03,국토부 실거래 25건 · 10~90백분위,molit_csv,25,2026-07-03,https://rt.molit.go.kr/pt/xls/xls.do?mobileAt=v
두산,구로구,5.2,5.65,6.1,전용 60~60㎡,2026-07-04,국토부 실거래 21건 · 10~90백분위,molit_csv,21,2026-07-04,https://rt.molit.go.kr/pt/xls/xls.do?mobileAt=v
신개봉삼환,구로구,5.5,5.7,5.8,전용 60~60㎡,2026-05-23,국토부 실거래 7건 · 10~90백분위,molit_csv,7,2026-05-23,https://rt.molit.go.kr/pt/xls/xls.do?mobileAt=v
다솜금호,구로구,5.2,5.72,6.09,전용 60~60㎡,2026-07-05,국토부 실거래 5건 · 10~90백분위,molit_csv,5,2026-07-05,https://rt.molit.go.kr/pt/xls/xls.do?mobileAt=v
월드,구로구,4.5,5.8,6.45,전용 60~60㎡,2026-05-14,국토부 실거래 5건 · 10~90백분위,molit_csv,5,2026-05-14,https://rt.molit.go.kr/pt/xls/xls.do?mobileAt=v
럭키,구로구,5.2,5.85,5.9,전용 56~60㎡,2026-07-02,국토부 실거래 9건 · 10~90백분위,molit_csv,9,2026-07-02,https://rt.molit.go.kr/pt/xls/xls.do?mobileAt=v
청구,구로구,5.47,5.85,6.25,전용 60~60㎡,2026-06-12,국토부 실거래 15건 · 10~90백분위,molit_csv,15,2026-06-12,https://rt.molit.go.kr/pt/xls/xls.do?mobileAt=v
현대연예인,구로구,5.5,5.9,5.99,전용 55~55㎡,2026-05-09,국토부 실거래 7건 · 10~90백분위,molit_csv,7,2026-05-09,https://rt.molit.go.kr/pt/xls/xls.do?mobileAt=v
구로지웰,구로구,5.2,5.93,6.05,전용 60~60㎡,2026-06-22,국토부 실거래 6건 · 10~90백분위,molit_csv,6,2026-06-22,https://rt.molit.go.kr/pt/xls/xls.do?mobileAt=v
삼천리,구로구,5.55,5.95,6.45,전용 60~60㎡,2026-06-27,국토부 실거래 9건 · 10~90백분위,molit_csv,9,2026-06-27,https://rt.molit.go.kr/pt/xls/xls.do?mobileAt=v
중앙하이츠,구로구,5.45,6.0,6.0,전용 60~60㎡,2026-04-16,국토부 실거래 3건 · 10~90백분위,molit_csv,3,2026-04-16,https://rt.molit.go.kr/pt/xls/xls.do?mobileAt=v
한일유앤아이,구로구,5.65,6.0,6.0,전용 60~60㎡,2026-07-07,국토부 실거래 7건 · 10~90백분위,molit_csv,7,2026-07-07,https://rt.molit.go.kr/pt/xls/xls.do?mobileAt=v
한진,구로구,5.7,6.0,6.3,전용 60~60㎡,2026-06-27,국토부 실거래 27건 · 10~90백분위,molit_csv,27,2026-06-27,https://rt.molit.go.kr/pt/xls/xls.do?mobileAt=v
구로두산,구로구,5.86,6.1,6.6,전용 52~52㎡,2026-06-20,국토부 실거래 10건 · 10~90백분위,molit_csv,10,2026-06-20,https://rt.molit.go.kr/pt/xls/xls.do?mobileAt=v
한신,구로구,5.49,6.1,6.13,전용 60~60㎡,2026-05-08,국토부 실거래 3건 · 10~90백분위,molit_csv,3,2026-05-08,https://rt.molit.go.kr/pt/xls/xls.do?mobileAt=v
동아한신,구로구,6.0,6.25,6.85,전용 60~60㎡,2026-05-20,국토부 실거래 4건 · 10~90백분위,molit_csv,4,2026-05-20,https://rt.molit.go.kr/pt/xls/xls.do?mobileAt=v
구로현대,구로구,6.0,6.3,6.7,전용 56~56㎡,2026-06-13,국토부 실거래 11건 · 10~90백분위,molit_csv,11,2026-06-13,https://rt.molit.go.kr/pt/xls/xls.do?mobileAt=v
삼환,구로구,5.65,6.3,6.5,전용 59~59㎡,2026-06-22,국토부 실거래 15건 · 10~90백분위,molit_csv,15,2026-06-22,https://rt.molit.go.kr/pt/xls/xls.do?mobileAt=v
삼호,구로구,5.35,6.32,6.6,전용 60~60㎡,2026-02-28,국토부 실거래 4건 · 10~90백분위,molit_csv,4,2026-02-28,https://rt.molit.go.kr/pt/xls/xls.do?mobileAt=v
영풍마드레빌,구로구,6.4,6.4,6.5,전용 60~60㎡,2026-05-23,국토부 실거래 3건 · 10~90백분위,molit_csv,3,2026-05-23,https://rt.molit.go.kr/pt/xls/xls.do?mobileAt=v
이화우성,구로구,6.1,6.43,7.05,전용 60~60㎡,2026-06-24,국토부 실거래 8건 · 10~90백분위,molit_csv,8,2026-06-24,https://rt.molit.go.kr/pt/xls/xls.do?mobileAt=v
영화,구로구,6.4,6.5,7.75,전용 60~60㎡,2026-04-29,국토부 실거래 5건 · 10~90백분위,molit_csv,5,2026-04-29,https://rt.molit.go.kr/pt/xls/xls.do?mobileAt=v
대우,구로구,5.97,6.55,6.97,전용 60~60㎡,2026-06-30,국토부 실거래 25건 · 10~90백분위,molit_csv,25,2026-06-30,https://rt.molit.go.kr/pt/xls/xls.do?mobileAt=v
경남아너스빌,구로구,6.6,6.64,6.75,전용 60~60㎡,2026-05-12,국토부 실거래 3건 · 10~90백분위,molit_csv,3,2026-05-12,https://rt.molit.go.kr/pt/xls/xls.do?mobileAt=v
일신건영,구로구,6.0,6.78,6.8,전용 60~60㎡,2026-05-12,국토부 실거래 6건 · 10~90백분위,molit_csv,6,2026-05-12,https://rt.molit.go.kr/pt/xls/xls.do?mobileAt=v
하버라인3단지,구로구,6.65,6.78,7.1,전용 60~60㎡,2026-07-07,국토부 실거래 16건 · 10~90백분위,molit_csv,16,2026-07-07,https://rt.molit.go.kr/pt/xls/xls.do?mobileAt=v
하버라인2단지,구로구,6.46,6.89,6.95,전용 60~60㎡,2026-06-14,국토부 실거래 11건 · 10~90백분위,molit_csv,11,2026-06-14,https://rt.molit.go.kr/pt/xls/xls.do?mobileAt=v
천왕이펜하우스1단지,구로구,6.9,7.02,7.2,전용 60~60㎡,2026-04-11,국토부 실거래 6건 · 10~90백분위,molit_csv,6,2026-04-11,https://rt.molit.go.kr/pt/xls/xls.do?mobileAt=v
중앙하이츠(1269),구로구,7.0,7.04,7.3,전용 60~60㎡,2026-04-25,국토부 실거래 6건 · 10~90백분위,molit_csv,6,2026-04-25,https://rt.molit.go.kr/pt/xls/xls.do?mobileAt=v
온수힐스테이트,구로구,6.5,7.2,7.35,전용 60~60㎡,2026-07-03,국토부 실거래 15건 · 10~90백분위,molit_csv,15,2026-07-03,https://rt.molit.go.kr/pt/xls/xls.do?mobileAt=v
구로두산위브,구로구,6.67,7.35,7.5,전용 50~57㎡,2026-06-13,국토부 실거래 7건 · 10~90백분위,molit_csv,7,2026-06-13,https://rt.molit.go.kr/pt/xls/xls.do?mobileAt=v
천왕연지타운1단지,구로구,7.1,7.4,7.45,전용 60~60㎡,2026-04-28,국토부 실거래 3건 · 10~90백분위,molit_csv,3,2026-04-28,https://rt.molit.go.kr/pt/xls/xls.do?mobileAt=v
한신휴플러스(1280-0),구로구,6.75,7.55,8.45,전용 50~58㎡,2026-07-03,국토부 실거래 19건 · 10~90백분위,molit_csv,19,2026-07-03,https://rt.molit.go.kr/pt/xls/xls.do?mobileAt=v
신영지웰에스테이트개봉역,구로구,7.5,7.78,8.0,전용 59~60㎡,2026-06-20,국토부 실거래 5건 · 10~90백분위,molit_csv,5,2026-06-20,https://rt.molit.go.kr/pt/xls/xls.do?mobileAt=v
현대홈타운,구로구,7.0,7.96,8.67,전용 59~59㎡,2026-06-17,국토부 실거래 21건 · 10~90백분위,molit_csv,21,2026-06-17,https://rt.molit.go.kr/pt/xls/xls.do?mobileAt=v
삼성래미안,구로구,7.85,7.99,8.6,전용 56~58㎡,2026-06-15,국토부 실거래 8건 · 10~90백분위,molit_csv,8,2026-06-15,https://rt.molit.go.kr/pt/xls/xls.do?mobileAt=v
개봉푸르지오,구로구,7.95,8.0,8.49,전용 60~60㎡,2026-06-15,국토부 실거래 3건 · 10~90백분위,molit_csv,3,2026-06-15,https://rt.molit.go.kr/pt/xls/xls.do?mobileAt=v
미성,구로구,7.2,8.03,8.2,전용 52~52㎡,2026-06-15,국토부 실거래 8건 · 10~90백분위,molit_csv,8,2026-06-15,https://rt.molit.go.kr/pt/xls/xls.do?mobileAt=v
삼환로즈빌,구로구,8.05,8.15,8.6,전용 60~60㎡,2026-05-21,국토부 실거래 3건 · 10~90백분위,molit_csv,3,2026-05-21,https://rt.molit.go.kr/pt/xls/xls.do?mobileAt=v
현대,구로구,5.33,8.35,9.18,전용 56~60㎡,2026-06-27,국토부 실거래 23건 · 10~90백분위,molit_csv,23,2026-06-27,https://rt.molit.go.kr/pt/xls/xls.do?mobileAt=v
개봉동현대아이파크,구로구,7.8,8.55,9.2,전용 60~60㎡,2026-06-23,국토부 실거래 15건 · 10~90백분위,molit_csv,15,2026-06-23,https://rt.molit.go.kr/pt/xls/xls.do?mobileAt=v
한마을,구로구,8.0,8.6,9.3,전용 60~60㎡,2026-06-15,국토부 실거래 41건 · 10~90백분위,molit_csv,41,2026-06-15,https://rt.molit.go.kr/pt/xls/xls.do?mobileAt=v
우성5,구로구,8.7,8.7,9.35,전용 60~60㎡,2026-03-09,국토부 실거래 3건 · 10~90백분위,molit_csv,3,2026-03-09,https://rt.molit.go.kr/pt/xls/xls.do?mobileAt=v
신도림롯데아파트,구로구,9.3,9.7,10.0,전용 60~60㎡,2026-05-07,국토부 실거래 5건 · 10~90백분위,molit_csv,5,2026-05-07,https://rt.molit.go.kr/pt/xls/xls.do?mobileAt=v
현대홈타운아파트,구로구,9.3,9.7,10.0,전용 60~60㎡,2026-06-06,국토부 실거래 5건 · 10~90백분위,molit_csv,5,2026-06-06,https://rt.molit.go.kr/pt/xls/xls.do?mobileAt=v
고척파크푸르지오,구로구,9.25,9.75,9.9,전용 60~60㎡,2026-06-12,국토부 실거래 4건 · 10~90백분위,molit_csv,4,2026-06-12,https://rt.molit.go.kr/pt/xls/xls.do?mobileAt=v
벽산,금천구,3.64,3.9,4.0,전용 60~60㎡,2026-06-22,국토부 실거래 11건 · 10~90백분위,molit_csv,11,2026-06-22,https://rt.molit.go.kr/pt/xls/xls.do?mobileAt=v
진도1차,금천구,3.85,4.25,4.4,전용 60~60㎡,2026-05-15,국토부 실거래 4건 · 10~90백분위,molit_csv,4,2026-05-15,https://rt.molit.go.kr/pt/xls/xls.do?mobileAt=v
관악산벽산타운5,금천구,4.35,4.47,4.9,전용 59~59㎡,2026-06-27,국토부 실거래 16건 · 10~90백분위,molit_csv,16,2026-06-27,https://rt.molit.go.kr/pt/xls/xls.do?mobileAt=v
무지개,금천구,4.48,4.55,4.67,전용 54~54㎡,2026-05-25,국토부 실거래 20건 · 10~90백분위,molit_csv,20,2026-05-25,https://rt.molit.go.kr/pt/xls/xls.do?mobileAt=v
삼익,금천구,4.2,4.57,4.8,전용 60~60㎡,2026-06-06,국토부 실거래 16건 · 10~90백분위,molit_csv,16,2026-06-06,https://rt.molit.go.kr/pt/xls/xls.do?mobileAt=v
우방,금천구,3.98,4.64,4.94,전용 60~60㎡,2026-06-20,국토부 실거래 14건 · 10~90백분위,molit_csv,14,2026-06-20,https://rt.molit.go.kr/pt/xls/xls.do?mobileAt=v
시흥동월드메르디앙,금천구,4.68,4.88,4.9,전용 60~60㎡,2026-05-04,국토부 실거래 4건 · 10~90백분위,molit_csv,4,2026-05-04,https://rt.molit.go.kr/pt/xls/xls.do?mobileAt=v
계룡아파트,금천구,4.65,5.0,5.15,전용 59~59㎡,2026-06-01,국토부 실거래 4건 · 10~90백분위,molit_csv,4,2026-06-01,https://rt.molit.go.kr/pt/xls/xls.do?mobileAt=v
독산주공14단지,금천구,5.1,5.4,6.35,전용 59~59㎡,2026-05-05,국토부 실거래 5건 · 10~90백분위,molit_csv,5,2026-05-05,https://rt.molit.go.kr/pt/xls/xls.do?mobileAt=v
신도브래뉴,금천구,5.47,5.69,5.83,전용 56~56㎡,2026-06-16,국토부 실거래 8건 · 10~90백분위,molit_csv,8,2026-06-16,https://rt.molit.go.kr/pt/xls/xls.do?mobileAt=v
금천현대,금천구,5.45,6.1,6.39,전용 60~60㎡,2026-06-23,국토부 실거래 19건 · 10~90백분위,molit_csv,19,2026-06-23,https://rt.molit.go.kr/pt/xls/xls.do?mobileAt=v
두산,금천구,6.2,6.6,7.1,전용 60~60㎡,2026-06-19,국토부 실거래 27건 · 10~90백분위,molit_csv,27,2026-06-19,https://rt.molit.go.kr/pt/xls/xls.do?mobileAt=v
e편한세상독산더타워,금천구,7.5,7.8,8.15,전용 60~60㎡,2026-06-18,국토부 실거래 18건 · 10~90백분위,molit_csv,18,2026-06-18,https://rt.molit.go.kr/pt/xls/xls.do?mobileAt=v
남서울힐스테이트,금천구,7.8,8.1,8.38,전용 60~60㎡,2026-06-13,국토부 실거래 17건 · 10~90백분위,molit_csv,17,2026-06-13,https://rt.molit.go.kr/pt/xls/xls.do?mobileAt=v
금천롯데캐슬골드파크2차201동202동,금천구,8.9,9.28,9.65,전용 59~60㎡,2026-06-01,국토부 실거래 10건 · 10~90백분위,molit_csv,10,2026-06-01,https://rt.molit.go.kr/pt/xls/xls.do?mobileAt=v
금천롯데캐슬골드파크1차,금천구,9.5,9.5,9.97,전용 60~60㎡,2026-02-07,국토부 실거래 3건 · 10~90백분위,molit_csv,3,2026-02-07,https://rt.molit.go.kr/pt/xls/xls.do?mobileAt=v
금천롯데캐슬골드파크3차,금천구,9.5,9.79,10.0,전용 60~60㎡,2026-05-29,국토부 실거래 16건 · 10~90백분위,molit_csv,16,2026-05-29,https://rt.molit.go.kr/pt/xls/xls.do?mobileAt=v
초안1,노원구,3.7,3.8,4.0,전용 60~60㎡,2026-06-29,국토부 실거래 5건 · 10~90백분위,molit_csv,5,2026-06-29,https://rt.molit.go.kr/pt/xls/xls.do?mobileAt=v
중앙하이츠(5지역),노원구,3.9,3.94,4.12,전용 60~60㎡,2026-06-25,국토부 실거래 7건 · 10~90백분위,molit_csv,7,2026-06-25,https://rt.molit.go.kr/pt/xls/xls.do?mobileAt=v
한신1차,노원구,3.9,4.05,4.1,전용 54~54㎡,2026-06-19,국토부 실거래 9건 · 10~90백분위,molit_csv,9,2026-06-19,https://rt.molit.go.kr/pt/xls/xls.do?mobileAt=v
북부현대,노원구,4.0,4.08,4.3,전용 59~59㎡,2026-06-15,국토부 실거래 4건 · 10~90백분위,molit_csv,4,2026-06-15,https://rt.molit.go.kr/pt/xls/xls.do?mobileAt=v
미라보(성림),노원구,3.87,4.23,4.48,전용 60~60㎡,2026-05-29,국토부 실거래 4건 · 10~90백분위,molit_csv,4,2026-05-29,https://rt.molit.go.kr/pt/xls/xls.do?mobileAt=v
상계신동아,노원구,4.1,4.25,4.8,전용 59~59㎡,2026-06-23,국토부 실거래 5건 · 10~90백분위,molit_csv,5,2026-06-23,https://rt.molit.go.kr/pt/xls/xls.do?mobileAt=v
초안2,노원구,4.0,4.33,4.63,전용 60~60㎡,2026-07-06,국토부 실거래 3건 · 10~90백분위,molit_csv,3,2026-07-06,https://rt.molit.go.kr/pt/xls/xls.do?mobileAt=v
청백4,노원구,4.15,4.4,4.7,전용 59~59㎡,2026-06-18,국토부 실거래 7건 · 10~90백분위,molit_csv,7,2026-06-18,https://rt.molit.go.kr/pt/xls/xls.do?mobileAt=v
상계대림e편한세상,노원구,4.25,4.53,4.8,전용 56~56㎡,2026-05-18,국토부 실거래 8건 · 10~90백분위,molit_csv,8,2026-05-18,https://rt.molit.go.kr/pt/xls/xls.do?mobileAt=v
청백3,노원구,2.7,4.53,4.85,전용 59~59㎡,2026-05-28,국토부 실거래 4건 · 10~90백분위,molit_csv,4,2026-05-28,https://rt.molit.go.kr/pt/xls/xls.do?mobileAt=v
불암현대,노원구,4.35,4.7,4.8,전용 59~59㎡,2026-06-04,국토부 실거래 9건 · 10~90백분위,molit_csv,9,2026-06-04,https://rt.molit.go.kr/pt/xls/xls.do?mobileAt=v
한신2차,노원구,4.5,4.71,4.75,전용 58~58㎡,2026-07-02,국토부 실거래 6건 · 10~90백분위,molit_csv,6,2026-07-02,https://rt.molit.go.kr/pt/xls/xls.do?mobileAt=v
청암2단지,노원구,4.4,4.75,5.0,전용 59~59㎡,2026-05-29,국토부 실거래 3건 · 10~90백분위,molit_csv,3,2026-05-29,https://rt.molit.go.kr/pt/xls/xls.do?mobileAt=v
두산,노원구,4.28,4.76,4.95,전용 52~60㎡,2026-07-04,국토부 실거래 16건 · 10~90백분위,molit_csv,16,2026-07-04,https://rt.molit.go.kr/pt/xls/xls.do?mobileAt=v
삼익포레스트아파트,노원구,4.67,4.8,5.2,전용 51~51㎡,2026-06-24,국토부 실거래 16건 · 10~90백분위,molit_csv,16,2026-06-24,https://rt.molit.go.kr/pt/xls/xls.do?mobileAt=v
삼창,노원구,4.45,4.8,4.95,전용 57~57㎡,2026-05-16,국토부 실거래 4건 · 10~90백분위,molit_csv,4,2026-05-16,https://rt.molit.go.kr/pt/xls/xls.do?mobileAt=v
상계대림,노원구,4.5,4.8,4.99,전용 60~60㎡,2026-04-25,국토부 실거래 9건 · 10~90백분위,molit_csv,9,2026-04-25,https://rt.molit.go.kr/pt/xls/xls.do?mobileAt=v
성원상떼빌,노원구,4.7,4.82,4.9,전용 60~60㎡,2026-07-02,국토부 실거래 4건 · 10~90백분위,molit_csv,4,2026-07-02,https://rt.molit.go.kr/pt/xls/xls.do?mobileAt=v
동아불암,노원구,4.68,4.83,5.04,전용 59~59㎡,2026-06-12,국토부 실거래 13건 · 10~90백분위,molit_csv,13,2026-06-12,https://rt.molit.go.kr/pt/xls/xls.do?mobileAt=v
건영아파트,노원구,4.8,4.89,5.4,전용 60~60㎡,2026-06-27,국토부 실거래 4건 · 10~90백분위,molit_csv,4,2026-06-27,https://rt.molit.go.kr/pt/xls/xls.do?mobileAt=v
우방,노원구,4.8,4.9,5.0,전용 60~60㎡,2026-06-23,국토부 실거래 10건 · 10~90백분위,molit_csv,10,2026-06-23,https://rt.molit.go.kr/pt/xls/xls.do?mobileAt=v
극동늘푸른,노원구,4.88,4.93,5.0,전용 60~60㎡,2026-05-26,국토부 실거래 8건 · 10~90백분위,molit_csv,8,2026-05-26,https://rt.molit.go.kr/pt/xls/xls.do?mobileAt=v
상계주공13(고층),노원구,4.15,4.95,5.55,전용 58~58㎡,2026-07-04,국토부 실거래 12건 · 10~90백분위,molit_csv,12,2026-07-04,https://rt.molit.go.kr/pt/xls/xls.do?mobileAt=v
현대(고려)아파트,노원구,4.85,5.1,5.1,전용 59~59㎡,2026-05-23,국토부 실거래 4건 · 10~90백분위,molit_csv,4,2026-05-23,https://rt.molit.go.kr/pt/xls/xls.do?mobileAt=v
벽산,노원구,4.45,5.15,6.4,전용 58~60㎡,2026-05-19,국토부 실거래 23건 · 10~90백분위,molit_csv,23,2026-05-19,https://rt.molit.go.kr/pt/xls/xls.do?mobileAt=v
삼익아파트,노원구,4.9,5.23,5.42,전용 60~60㎡,2026-05-27,국토부 실거래 5건 · 10~90백분위,molit_csv,5,2026-05-27,https://rt.molit.go.kr/pt/xls/xls.do?mobileAt=v
은빛1단지,노원구,5.0,5.25,5.4,전용 60~60㎡,2026-07-03,국토부 실거래 27건 · 10~90백분위,molit_csv,27,2026-07-03,https://rt.molit.go.kr/pt/xls/xls.do?mobileAt=v
삼익2차아파트,노원구,5.0,5.27,6.0,전용 52~55㎡,2026-05-22,국토부 실거래 4건 · 10~90백분위,molit_csv,4,2026-05-22,https://rt.molit.go.kr/pt/xls/xls.do?mobileAt=v
신원아파트,노원구,4.87,5.27,5.35,전용 60~60㎡,2026-06-13,국토부 실거래 6건 · 10~90백분위,molit_csv,6,2026-06-13,https://rt.molit.go.kr/pt/xls/xls.do?mobileAt=v
상계주공2(저층),노원구,5.0,5.28,6.0,전용 59~59㎡,2026-04-10,국토부 실거래 3건 · 10~90백분위,molit_csv,3,2026-04-10,https://rt.molit.go.kr/pt/xls/xls.do?mobileAt=v
현대(6차),노원구,4.97,5.28,5.65,전용 60~60㎡,2026-06-20,국토부 실거래 8건 · 10~90백분위,molit_csv,8,2026-06-20,https://rt.molit.go.kr/pt/xls/xls.do?mobileAt=v
상계주공16(고층),노원구,4.85,5.3,5.59,전용 58~59㎡,2026-07-02,국토부 실거래 60건 · 10~90백분위,molit_csv,60,2026-07-02,https://rt.molit.go.kr/pt/xls/xls.do?mobileAt=v
대동아파트,노원구,5.1,5.32,5.5,전용 60~60㎡,2026-05-01,국토부 실거래 6건 · 10~90백분위,molit_csv,6,2026-05-01,https://rt.molit.go.kr/pt/xls/xls.do?mobileAt=v
삼익4단지아파트,노원구,5.3,5.33,5.9,전용 59~59㎡,2026-05-30,국토부 실거래 9건 · 10~90백분위,molit_csv,9,2026-05-30,https://rt.molit.go.kr/pt/xls/xls.do?mobileAt=v
은빛2단지,노원구,4.83,5.34,5.65,전용 60~60㎡,2026-06-26,국토부 실거래 26건 · 10~90백분위,molit_csv,26,2026-06-26,https://rt.molit.go.kr/pt/xls/xls.do?mobileAt=v
건영장미아파트,노원구,4.95,5.35,5.45,전용 60~60㎡,2026-06-11,국토부 실거래 11건 · 10~90백분위,molit_csv,11,2026-06-11,https://rt.molit.go.kr/pt/xls/xls.do?mobileAt=v
삼성,노원구,5.0,5.35,5.63,전용 60~60㎡,2026-06-15,국토부 실거래 10건 · 10~90백분위,molit_csv,10,2026-06-15,https://rt.molit.go.kr/pt/xls/xls.do?mobileAt=v
보람아파트,노원구,4.88,5.48,5.83,전용 55~55㎡,2026-06-19,국토부 실거래 27건 · 10~90백분위,molit_csv,27,2026-06-19,https://rt.molit.go.kr/pt/xls/xls.do?mobileAt=v
금호타운(583),노원구,5.15,5.5,5.7,전용 60~60㎡,2026-05-16,국토부 실거래 9건 · 10~90백분위,molit_csv,9,2026-05-16,https://rt.molit.go.kr/pt/xls/xls.do?mobileAt=v
공릉우성아파트,노원구,5.24,5.54,5.9,전용 59~60㎡,2026-06-16,국토부 실거래 8건 · 10~90백분위,molit_csv,8,2026-06-16,https://rt.molit.go.kr/pt/xls/xls.do?mobileAt=v
상계불암대림,노원구,5.4,5.64,5.8,전용 59~59㎡,2026-06-17,국토부 실거래 8건 · 10~90백분위,molit_csv,8,2026-06-17,https://rt.molit.go.kr/pt/xls/xls.do?mobileAt=v
상계주공10(저층),노원구,5.1,5.65,6.2,전용 55~55㎡,2026-06-04,국토부 실거래 4건 · 10~90백분위,molit_csv,4,2026-06-04,https://rt.molit.go.kr/pt/xls/xls.do?mobileAt=v
현대성우아파트,노원구,4.95,5.65,6.0,전용 60~60㎡,2026-06-15,국토부 실거래 3건 · 10~90백분위,molit_csv,3,2026-06-15,https://rt.molit.go.kr/pt/xls/xls.do?mobileAt=v
대동,노원구,3.5,5.67,6.33,전용 60~60㎡,2026-06-26,국토부 실거래 6건 · 10~90백분위,molit_csv,6,2026-06-26,https://rt.molit.go.kr/pt/xls/xls.do?mobileAt=v
코오롱,노원구,5.4,5.67,5.8,전용 60~60㎡,2026-06-01,국토부 실거래 8건 · 10~90백분위,molit_csv,8,2026-06-01,https://rt.molit.go.kr/pt/xls/xls.do?mobileAt=v
상아,노원구,5.2,5.68,5.9,전용 51~51㎡,2026-06-11,국토부 실거래 8건 · 10~90백분위,molit_csv,8,2026-06-11,https://rt.molit.go.kr/pt/xls/xls.do?mobileAt=v
주공2,노원구,5.09,5.75,5.94,전용 59~60㎡,2026-06-26,국토부 실거래 20건 · 10~90백분위,molit_csv,20,2026-06-26,https://rt.molit.go.kr/pt/xls/xls.do?mobileAt=v
공릉동한보에센시티아파트,노원구,5.57,5.79,6.0,전용 59~59㎡,2026-06-07,국토부 실거래 16건 · 10~90백분위,molit_csv,16,2026-06-07,https://rt.molit.go.kr/pt/xls/xls.do?mobileAt=v
경남,노원구,5.15,5.8,6.0,전용 51~51㎡,2026-06-26,국토부 실거래 5건 · 10~90백분위,molit_csv,5,2026-06-26,https://rt.molit.go.kr/pt/xls/xls.do?mobileAt=v
비선아파트,노원구,5.58,5.8,5.92,전용 60~60㎡,2026-04-28,국토부 실거래 7건 · 10~90백분위,molit_csv,7,2026-04-28,https://rt.molit.go.kr/pt/xls/xls.do?mobileAt=v
상계주공12(고층),노원구,5.48,5.8,6.0,전용 58~58㎡,2026-03-10,국토부 실거래 3건 · 10~90백분위,molit_csv,3,2026-03-10,https://rt.molit.go.kr/pt/xls/xls.do?mobileAt=v
상계주공14(고층),노원구,5.54,5.83,6.0,전용 59~59㎡,2026-04-27,국토부 실거래 8건 · 10~90백분위,molit_csv,8,2026-04-27,https://rt.molit.go.kr/pt/xls/xls.do?mobileAt=v
건영,노원구,5.7,5.93,5.97,전용 53~53㎡,2026-04-28,국토부 실거래 7건 · 10~90백분위,molit_csv,7,2026-04-28,https://rt.molit.go.kr/pt/xls/xls.do?mobileAt=v
동신아파트,노원구,5.7,5.94,6.0,전용 60~60㎡,2026-06-06,국토부 실거래 8건 · 10~90백분위,molit_csv,8,2026-06-06,https://rt.molit.go.kr/pt/xls/xls.do?mobileAt=v
염광,노원구,5.79,5.94,6.0,전용 59~59㎡,2026-06-11,국토부 실거래 14건 · 10~90백분위,molit_csv,14,2026-06-11,https://rt.molit.go.kr/pt/xls/xls.do?mobileAt=v
성원(사슴4),노원구,5.8,5.95,6.3,전용 60~60㎡,2026-05-18,국토부 실거래 9건 · 10~90백분위,molit_csv,9,2026-05-18,https://rt.molit.go.kr/pt/xls/xls.do?mobileAt=v
극동,노원구,5.78,5.98,6.23,전용 56~56㎡,2026-05-07,국토부 실거래 8건 · 10~90백분위,molit_csv,8,2026-05-07,https://rt.molit.go.kr/pt/xls/xls.do?mobileAt=v
동원베네스트,노원구,5.95,6.0,6.1,전용 60~60㎡,2026-05-30,국토부 실거래 3건 · 10~90백분위,molit_csv,3,2026-05-30,https://rt.molit.go.kr/pt/xls/xls.do?mobileAt=v
상계1차중앙하이츠,노원구,5.6,6.0,6.7,전용 60~60㎡,2026-06-13,국토부 실거래 9건 · 10~90백분위,molit_csv,9,2026-06-13,https://rt.molit.go.kr/pt/xls/xls.do?mobileAt=v
상계주공11(고층),노원구,5.77,6.0,6.6,전용 58~59㎡,2026-06-09,국토부 실거래 10건 · 10~90백분위,molit_csv,10,2026-06-09,https://rt.molit.go.kr/pt/xls/xls.do?mobileAt=v
중계3벽산,노원구,5.99,6.05,6.17,전용 60~60㎡,2026-05-29,국토부 실거래 8건 · 10~90백분위,molit_csv,8,2026-05-29,https://rt.molit.go.kr/pt/xls/xls.do?mobileAt=v
상계주공1(고층),노원구,5.95,6.2,6.45,전용 58~59㎡,2026-06-25,국토부 실거래 37건 · 10~90백분위,molit_csv,37,2026-06-25,https://rt.molit.go.kr/pt/xls/xls.do?mobileAt=v
테라파크뷰,노원구,6.0,6.2,6.4,전용 52~55㎡,2026-05-12,국토부 실거래 5건 · 10~90백분위,molit_csv,5,2026-05-12,https://rt.molit.go.kr/pt/xls/xls.do?mobileAt=v
대동황토방,노원구,5.85,6.22,6.3,전용 60~60㎡,2026-06-05,국토부 실거래 4건 · 10~90백분위,molit_csv,4,2026-06-05,https://rt.molit.go.kr/pt/xls/xls.do?mobileAt=v
청솔(시영7),노원구,5.4,6.28,6.5,전용 59~60㎡,2026-06-05,국토부 실거래 5건 · 10~90백분위,molit_csv,5,2026-06-05,https://rt.molit.go.kr/pt/xls/xls.do?mobileAt=v
상계주공9(고층),노원구,6.0,6.29,6.78,전용 58~58㎡,2026-05-29,국토부 실거래 8건 · 10~90백분위,molit_csv,8,2026-05-29,https://rt.molit.go.kr/pt/xls/xls.do?mobileAt=v
롯데(505),노원구,5.8,6.38,6.55,전용 54~54㎡,2026-07-01,국토부 실거래 12건 · 10~90백분위,molit_csv,12,2026-07-01,https://rt.molit.go.kr/pt/xls/xls.do?mobileAt=v
상계2차중앙하이츠,노원구,5.8,6.46,6.7,전용 60~60㎡,2026-05-30,국토부 실거래 14건 · 10~90백분위,molit_csv,14,2026-05-30,https://rt.molit.go.kr/pt/xls/xls.do?mobileAt=v
상계주공10(고층),노원구,5.7,6.5,6.8,전용 58~59㎡,2026-06-04,국토부 실거래 20건 · 10~90백분위,molit_csv,20,2026-06-04,https://rt.molit.go.kr/pt/xls/xls.do?mobileAt=v
상계주공4(고층),노원구,5.75,6.5,6.95,전용 58~59㎡,2026-06-05,국토부 실거래 17건 · 10~90백분위,molit_csv,17,2026-06-05,https://rt.molit.go.kr/pt/xls/xls.do?mobileAt=v
한일1,노원구,6.3,6.6,6.6,전용 60~60㎡,2026-06-22,국토부 실거래 3건 · 10~90백분위,molit_csv,3,2026-06-22,https://rt.molit.go.kr/pt/xls/xls.do?mobileAt=v
상계주공2(고층),노원구,6.0,6.63,7.1,전용 58~59㎡,2026-06-24,국토부 실거래 28건 · 10~90백분위,molit_csv,28,2026-06-24,https://rt.molit.go.kr/pt/xls/xls.do?mobileAt=v
화랑대디오베이션,노원구,6.6,6.69,6.95,전용 60~60㎡,2026-06-27,국토부 실거래 9건 · 10~90백분위,molit_csv,9,2026-06-27,https://rt.molit.go.kr/pt/xls/xls.do?mobileAt=v
중계무지개,노원구,6.2,6.72,7.2,전용 59~59㎡,2026-06-27,국토부 실거래 15건 · 10~90백분위,molit_csv,15,2026-06-27,https://rt.molit.go.kr/pt/xls/xls.do?mobileAt=v
주공4,노원구,6.4,6.74,7.05,전용 59~59㎡,2026-06-11,국토부 실거래 7건 · 10~90백분위,molit_csv,7,2026-06-11,https://rt.molit.go.kr/pt/xls/xls.do?mobileAt=v
양지마을(대림)2,노원구,6.15,6.8,7.0,전용 59~59㎡,2026-05-08,국토부 실거래 11건 · 10~90백분위,molit_csv,11,2026-05-08,https://rt.molit.go.kr/pt/xls/xls.do?mobileAt=v
중계그린1단지,노원구,6.7,6.88,7.0,전용 59~60㎡,2026-05-07,국토부 실거래 8건 · 10~90백분위,molit_csv,8,2026-05-07,https://rt.molit.go.kr/pt/xls/xls.do?mobileAt=v
한일유앤아이,노원구,6.4,6.94,7.08,전용 60~60㎡,2026-05-30,국토부 실거래 6건 · 10~90백분위,molit_csv,6,2026-05-30,https://rt.molit.go.kr/pt/xls/xls.do?mobileAt=v
학여울청구,노원구,6.68,6.95,7.1,전용 59~59㎡,2026-05-25,국토부 실거래 13건 · 10~90백분위,molit_csv,13,2026-05-25,https://rt.molit.go.kr/pt/xls/xls.do?mobileAt=v
두산힐스빌아파트,노원구,6.93,7.05,7.35,전용 60~60㎡,2026-06-29,국토부 실거래 8건 · 10~90백분위,molit_csv,8,2026-06-29,https://rt.molit.go.kr/pt/xls/xls.do?mobileAt=v
주공10,노원구,6.75,7.05,7.3,전용 58~58㎡,2026-05-12,국토부 실거래 13건 · 10~90백분위,molit_csv,13,2026-05-12,https://rt.molit.go.kr/pt/xls/xls.do?mobileAt=v
태강아파트(아이파크),노원구,6.6,7.1,7.48,전용 59~59㎡,2026-06-27,국토부 실거래 23건 · 10~90백분위,molit_csv,23,2026-06-27,https://rt.molit.go.kr/pt/xls/xls.do?mobileAt=v
신안,노원구,6.9,7.15,7.3,전용 60~60㎡,2026-04-30,국토부 실거래 4건 · 10~90백분위,molit_csv,4,2026-04-30,https://rt.molit.go.kr/pt/xls/xls.do?mobileAt=v
상계주공7(고층),노원구,7.1,7.22,7.8,전용 58~59㎡,2026-07-03,국토부 실거래 16건 · 10~90백분위,molit_csv,16,2026-07-03,https://rt.molit.go.kr/pt/xls/xls.do?mobileAt=v
상계주공6(고층),노원구,6.9,7.4,7.85,전용 58~59㎡,2026-07-02,국토부 실거래 65건 · 10~90백분위,molit_csv,65,2026-07-02,https://rt.molit.go.kr/pt/xls/xls.do?mobileAt=v
장미(시영6),노원구,7.0,7.4,8.3,전용 59~60㎡,2026-05-28,국토부 실거래 12건 · 10~90백분위,molit_csv,12,2026-05-28,https://rt.molit.go.kr/pt/xls/xls.do?mobileAt=v
삼호4,노원구,7.2,7.45,8.4,전용 50~59㎡,2026-06-06,국토부 실거래 27건 · 10~90백분위,molit_csv,27,2026-06-06,https://rt.molit.go.kr/pt/xls/xls.do?mobileAt=v
풍림아파트A,노원구,7.1,7.7,8.3,전용 60~60㎡,2026-07-02,국토부 실거래 23건 · 10~90백분위,molit_csv,23,2026-07-02,https://rt.molit.go.kr/pt/xls/xls.do?mobileAt=v
주공5,노원구,7.45,7.75,8.4,전용 58~58㎡,2026-06-27,국토부 실거래 13건 · 10~90백분위,molit_csv,13,2026-06-27,https://rt.molit.go.kr/pt/xls/xls.do?mobileAt=v
성원1,노원구,7.4,7.8,7.9,전용 60~60㎡,2026-06-10,국토부 실거래 7건 · 10~90백분위,molit_csv,7,2026-06-10,https://rt.molit.go.kr/pt/xls/xls.do?mobileAt=v
상계주공3(고층),노원구,7.05,8.0,8.73,전용 58~59㎡,2026-05-18,국토부 실거래 21건 · 10~90백분위,molit_csv,21,2026-05-18,https://rt.molit.go.kr/pt/xls/xls.do?mobileAt=v
중계센트럴파크,노원구,8.0,8.1,8.47,전용 60~60㎡,2026-04-30,국토부 실거래 7건 · 10~90백분위,molit_csv,7,2026-04-30,https://rt.molit.go.kr/pt/xls/xls.do?mobileAt=v
현대,노원구,7.93,8.34,8.74,전용 60~60㎡,2026-06-26,국토부 실거래 12건 · 10~90백분위,molit_csv,12,2026-06-26,https://rt.molit.go.kr/pt/xls/xls.do?mobileAt=v
롯데캐슬루나,노원구,7.95,8.43,8.7,전용 60~60㎡,2026-06-03,국토부 실거래 4건 · 10~90백분위,molit_csv,4,2026-06-03,https://rt.molit.go.kr/pt/xls/xls.do?mobileAt=v
꿈의숲SKVIEW,노원구,8.47,8.75,9.05,전용 60~60㎡,2026-05-18,국토부 실거래 6건 · 10~90백분위,molit_csv,6,2026-05-18,https://rt.molit.go.kr/pt/xls/xls.do?mobileAt=v
한진한화그랑빌,노원구,8.35,8.8,9.78,전용 60~60㎡,2026-06-03,국토부 실거래 17건 · 10~90백분위,molit_csv,17,2026-06-03,https://rt.molit.go.kr/pt/xls/xls.do?mobileAt=v
노원롯데캐슬시그니처,노원구,7.9,8.95,9.6,전용 53~60㎡,2026-06-10,국토부 실거래 15건 · 10~90백분위,molit_csv,15,2026-06-10,https://rt.molit.go.kr/pt/xls/xls.do?mobileAt=v
노원센트럴푸르지오,노원구,7.95,9.0,9.3,전용 60~60㎡,2026-06-08,국토부 실거래 19건 · 10~90백분위,molit_csv,19,2026-06-08,https://rt.molit.go.kr/pt/xls/xls.do?mobileAt=v
미성,노원구,7.45,9.0,9.42,전용 50~58㎡,2026-06-12,국토부 실거래 34건 · 10~90백분위,molit_csv,34,2026-06-12,https://rt.molit.go.kr/pt/xls/xls.do?mobileAt=v
미륭,노원구,8.3,9.2,9.57,전용 51~51㎡,2026-06-22,국토부 실거래 26건 · 10~90백분위,molit_csv,26,2026-06-22,https://rt.molit.go.kr/pt/xls/xls.do?mobileAt=v
태릉해링턴플레이스,노원구,9.0,9.35,9.9,전용 60~60㎡,2026-06-16,국토부 실거래 19건 · 10~90백분위,molit_csv,19,2026-06-16,https://rt.molit.go.kr/pt/xls/xls.do?mobileAt=v
풍림아이원,노원구,8.85,9.45,9.75,전용 59~59㎡,2026-05-06,국토부 실거래 3건 · 10~90백분위,molit_csv,3,2026-05-06,https://rt.molit.go.kr/pt/xls/xls.do?mobileAt=v
포레나노원,노원구,9.0,9.5,10.0,전용 60~60㎡,2026-06-27,국토부 실거래 9건 · 10~90백분위,molit_csv,9,2026-06-27,https://rt.molit.go.kr/pt/xls/xls.do?mobileAt=v
월계센트럴아이파크,노원구,9.5,9.59,9.7,전용 60~60㎡,2026-02-14,국토부 실거래 4건 · 10~90백분위,molit_csv,4,2026-02-14,https://rt.molit.go.kr/pt/xls/xls.do?mobileAt=v
삼호3,노원구,9.6,9.85,10.0,전용 59~59㎡,2026-04-25,국토부 실거래 6건 · 10~90백분위,molit_csv,6,2026-04-25,https://rt.molit.go.kr/pt/xls/xls.do?mobileAt=v
벽산아파트1,도봉구,3.2,3.27,3.48,전용 52~52㎡,2026-04-29,국토부 실거래 4건 · 10~90백분위,molit_csv,4,2026-04-29,https://rt.molit.go.kr/pt/xls/xls.do?mobileAt=v
신동아아파트1,도봉구,3.3,3.45,3.75,전용 51~53㎡,2026-07-03,국토부 실거래 21건 · 10~90백분위,molit_csv,21,2026-07-03,https://rt.molit.go.kr/pt/xls/xls.do?mobileAt=v
한화성원아파트,도봉구,3.5,3.6,3.9,전용 60~60㎡,2026-05-13,국토부 실거래 4건 · 10~90백분위,molit_csv,4,2026-05-13,https://rt.molit.go.kr/pt/xls/xls.do?mobileAt=v
삼익세라믹아파트,도봉구,3.5,3.65,3.92,전용 59~59㎡,2026-06-10,국토부 실거래 4건 · 10~90백분위,molit_csv,4,2026-06-10,https://rt.molit.go.kr/pt/xls/xls.do?mobileAt=v
현대성우,도봉구,3.68,4.0,4.11,전용 59~60㎡,2026-07-06,국토부 실거래 5건 · 10~90백분위,molit_csv,5,2026-07-06,https://rt.molit.go.kr/pt/xls/xls.do?mobileAt=v
벽산아파트2,도봉구,4.0,4.15,4.4,전용 60~60㎡,2026-05-14,국토부 실거래 7건 · 10~90백분위,molit_csv,7,2026-05-14,https://rt.molit.go.kr/pt/xls/xls.do?mobileAt=v
신창,도봉구,3.85,4.18,4.27,전용 59~59㎡,2026-05-26,국토부 실거래 5건 · 10~90백분위,molit_csv,5,2026-05-26,https://rt.molit.go.kr/pt/xls/xls.do?mobileAt=v
삼익세라믹,도봉구,3.95,4.2,4.4,전용 59~59㎡,2026-06-12,국토부 실거래 13건 · 10~90백분위,molit_csv,13,2026-06-12,https://rt.molit.go.kr/pt/xls/xls.do?mobileAt=v
서원,도봉구,4.65,4.68,4.85,전용 60~60㎡,2026-07-02,국토부 실거래 7건 · 10~90백분위,molit_csv,7,2026-07-02,https://rt.molit.go.kr/pt/xls/xls.do?mobileAt=v
빌드아르떼APT,도봉구,4.86,4.91,4.93,전용 59~60㎡,2026-06-02,국토부 실거래 24건 · 10~90백분위,molit_csv,24,2026-06-02,https://rt.molit.go.kr/pt/xls/xls.do?mobileAt=v
금광포란재아파트,도봉구,5.17,5.19,5.24,전용 60~60㎡,2026-05-26,국토부 실거래 4건 · 10~90백분위,molit_csv,4,2026-05-26,https://rt.molit.go.kr/pt/xls/xls.do?mobileAt=v
창동역블루핀1동,도봉구,5.25,5.29,5.3,전용 55~55㎡,2026-06-30,국토부 실거래 3건 · 10~90백분위,molit_csv,3,2026-06-30,https://rt.molit.go.kr/pt/xls/xls.do?mobileAt=v
현대조합,도봉구,5.3,5.57,5.87,전용 60~60㎡,2026-06-25,국토부 실거래 12건 · 10~90백분위,molit_csv,12,2026-06-25,https://rt.molit.go.kr/pt/xls/xls.do?mobileAt=v
대우,도봉구,5.5,5.9,6.03,전용 60~60㎡,2026-06-29,국토부 실거래 17건 · 10~90백분위,molit_csv,17,2026-06-29,https://rt.molit.go.kr/pt/xls/xls.do?mobileAt=v
래미안도봉,도봉구,5.4,5.95,6.25,전용 59~60㎡,2026-06-30,국토부 실거래 11건 · 10~90백분위,molit_csv,11,2026-06-30,https://rt.molit.go.kr/pt/xls/xls.do?mobileAt=v
성원상떼빌,도봉구,5.5,5.95,6.2,전용 60~60㎡,2026-06-22,국토부 실거래 4건 · 10~90백분위,molit_csv,4,2026-06-22,https://rt.molit.go.kr/pt/xls/xls.do?mobileAt=v
상아2차아파트,도봉구,5.3,6.18,6.38,전용 59~59㎡,2026-07-03,국토부 실거래 6건 · 10~90백분위,molit_csv,6,2026-07-03,https://rt.molit.go.kr/pt/xls/xls.do?mobileAt=v
창동주공1단지,도봉구,5.77,6.18,6.7,전용 58~59㎡,2026-06-14,국토부 실거래 6건 · 10~90백분위,molit_csv,6,2026-06-14,https://rt.molit.go.kr/pt/xls/xls.do?mobileAt=v
쌍문동삼성래미안,도봉구,6.1,6.29,6.43,전용 60~60㎡,2026-06-28,국토부 실거래 6건 · 10~90백분위,molit_csv,6,2026-06-28,https://rt.molit.go.kr/pt/xls/xls.do?mobileAt=v
대상타운현대아파트,도봉구,6.45,6.6,7.27,전용 60~60㎡,2026-06-02,국토부 실거래 4건 · 10~90백분위,molit_csv,4,2026-06-02,https://rt.molit.go.kr/pt/xls/xls.do?mobileAt=v
대우그린,도봉구,6.05,6.65,7.0,전용 60~60㎡,2026-06-12,국토부 실거래 3건 · 10~90백분위,molit_csv,3,2026-06-12,https://rt.molit.go.kr/pt/xls/xls.do?mobileAt=v
창동주공18단지,도봉구,4.2,6.7,6.8,전용 59~59㎡,2026-05-02,국토부 실거래 7건 · 10~90백분위,molit_csv,7,2026-05-02,https://rt.molit.go.kr/pt/xls/xls.do?mobileAt=v
동아그린,도봉구,6.79,6.95,7.15,전용 60~60㎡,2026-06-27,국토부 실거래 8건 · 10~90백분위,molit_csv,8,2026-06-27,https://rt.molit.go.kr/pt/xls/xls.do?mobileAt=v
창동주공3단지(해등마을),도봉구,6.45,7.03,7.5,전용 58~59㎡,2026-06-05,국토부 실거래 36건 · 10~90백분위,molit_csv,36,2026-06-05,https://rt.molit.go.kr/pt/xls/xls.do?mobileAt=v
창동2차현대,도봉구,6.8,7.4,7.8,전용 59~59㎡,2026-05-27,국토부 실거래 9건 · 10~90백분위,molit_csv,9,2026-05-27,https://rt.molit.go.kr/pt/xls/xls.do?mobileAt=v
쌍용,도봉구,7.6,7.93,8.46,전용 60~60㎡,2026-06-18,국토부 실거래 16건 · 10~90백분위,molit_csv,16,2026-06-18,https://rt.molit.go.kr/pt/xls/xls.do?mobileAt=v
동아청솔,도봉구,7.48,8.0,8.5,전용 59~60㎡,2026-07-01,국토부 실거래 27건 · 10~90백분위,molit_csv,27,2026-07-01,https://rt.molit.go.kr/pt/xls/xls.do?mobileAt=v
주공19단지(창동리버타운),도봉구,8.0,8.35,8.7,전용 59~59㎡,2026-06-04,국토부 실거래 6건 · 10~90백분위,molit_csv,6,2026-06-04,https://rt.molit.go.kr/pt/xls/xls.do?mobileAt=v
스타파크아파트,동대문구,5.22,5.4,5.95,전용 60~60㎡,2026-05-30,국토부 실거래 5건 · 10~90백분위,molit_csv,5,2026-05-30,https://rt.molit.go.kr/pt/xls/xls.do?mobileAt=v
태솔아파트3차,동대문구,4.95,5.4,5.5,전용 52~60㎡,2026-06-15,국토부 실거래 5건 · 10~90백분위,molit_csv,5,2026-06-15,https://rt.molit.go.kr/pt/xls/xls.do?mobileAt=v
동답한신,동대문구,5.61,5.95,6.4,전용 59~59㎡,2026-05-19,국토부 실거래 4건 · 10~90백분위,molit_csv,4,2026-05-19,https://rt.molit.go.kr/pt/xls/xls.do?mobileAt=v
동서울한양,동대문구,6.0,6.22,6.4,전용 60~60㎡,2026-05-28,국토부 실거래 12건 · 10~90백분위,molit_csv,12,2026-05-28,https://rt.molit.go.kr/pt/xls/xls.do?mobileAt=v
휘경베스트빌현대,동대문구,6.1,6.32,6.84,전용 60~60㎡,2026-05-28,국토부 실거래 10건 · 10~90백분위,molit_csv,10,2026-05-28,https://rt.molit.go.kr/pt/xls/xls.do?mobileAt=v
롯데,동대문구,4.47,6.8,7.0,전용 60~60㎡,2026-04-22,국토부 실거래 3건 · 10~90백분위,molit_csv,3,2026-04-22,https://rt.molit.go.kr/pt/xls/xls.do?mobileAt=v
우성그린,동대문구,5.95,6.85,7.35,전용 59~59㎡,2026-06-27,국토부 실거래 6건 · 10~90백분위,molit_csv,6,2026-06-27,https://rt.molit.go.kr/pt/xls/xls.do?mobileAt=v
대림,동대문구,7.0,7.0,7.2,전용 60~60㎡,2026-05-03,국토부 실거래 3건 · 10~90백분위,molit_csv,3,2026-05-03,https://rt.molit.go.kr/pt/xls/xls.do?mobileAt=v
삼익,동대문구,7.15,7.43,7.85,전용 60~60㎡,2026-04-10,국토부 실거래 4건 · 10~90백분위,molit_csv,4,2026-04-10,https://rt.molit.go.kr/pt/xls/xls.do?mobileAt=v
답십리엘림퍼스트,동대문구,7.3,7.47,7.8,전용 53~53㎡,2026-05-29,국토부 실거래 5건 · 10~90백분위,molit_csv,5,2026-05-29,https://rt.molit.go.kr/pt/xls/xls.do?mobileAt=v
휘경미소지움,동대문구,7.4,7.5,7.68,전용 60~60㎡,2026-06-19,국토부 실거래 8건 · 10~90백분위,molit_csv,8,2026-06-19,https://rt.molit.go.kr/pt/xls/xls.do?mobileAt=v
전농우성,동대문구,6.4,7.55,7.92,전용 60~60㎡,2026-06-17,국토부 실거래 23건 · 10~90백분위,molit_csv,23,2026-06-17,https://rt.molit.go.kr/pt/xls/xls.do?mobileAt=v
청계벽산메가트리움,동대문구,7.4,7.58,7.7,전용 60~60㎡,2026-02-04,국토부 실거래 3건 · 10~90백분위,molit_csv,3,2026-02-04,https://rt.molit.go.kr/pt/xls/xls.do?mobileAt=v
동양1차,동대문구,6.9,7.6,7.7,전용 60~60㎡,2026-06-18,국토부 실거래 7건 · 10~90백분위,molit_csv,7,2026-06-18,https://rt.molit.go.kr/pt/xls/xls.do?mobileAt=v
현대,동대문구,7.4,7.8,8.1,전용 60~60㎡,2026-06-15,국토부 실거래 6건 · 10~90백분위,molit_csv,6,2026-06-15,https://rt.molit.go.kr/pt/xls/xls.do?mobileAt=v
신동아,동대문구,7.9,8.21,8.4,전용 59~59㎡,2026-06-11,국토부 실거래 10건 · 10~90백분위,molit_csv,10,2026-06-11,https://rt.molit.go.kr/pt/xls/xls.do?mobileAt=v
주공2,동대문구,7.9,8.32,8.98,전용 59~60㎡,2026-06-18,국토부 실거래 10건 · 10~90백분위,molit_csv,10,2026-06-18,https://rt.molit.go.kr/pt/xls/xls.do?mobileAt=v
중앙하이츠빌,동대문구,8.4,8.6,8.9,전용 59~59㎡,2026-06-20,국토부 실거래 4건 · 10~90백분위,molit_csv,4,2026-06-20,https://rt.molit.go.kr/pt/xls/xls.do?mobileAt=v
한신,동대문구,8.05,8.6,8.9,전용 60~60㎡,2026-06-20,국토부 실거래 7건 · 10~90백분위,molit_csv,7,2026-06-20,https://rt.molit.go.kr/pt/xls/xls.do?mobileAt=v
동대문더퍼스트데시앙,동대문구,8.7,8.7,9.08,전용 60~60㎡,2026-03-02,국토부 실거래 3건 · 10~90백분위,molit_csv,3,2026-03-02,https://rt.molit.go.kr/pt/xls/xls.do?mobileAt=v
래미안엘파인아파트,동대문구,7.9,8.7,9.15,전용 60~60㎡,2026-05-26,국토부 실거래 4건 · 10~90백분위,molit_csv,4,2026-05-26,https://rt.molit.go.kr/pt/xls/xls.do?mobileAt=v
홍릉동부,동대문구,8.3,8.75,8.9,전용 60~60㎡,2026-06-13,국토부 실거래 4건 · 10~90백분위,molit_csv,4,2026-06-13,https://rt.molit.go.kr/pt/xls/xls.do?mobileAt=v
안암골벽산,동대문구,5.5,8.8,8.99,전용 60~60㎡,2026-04-29,국토부 실거래 3건 · 10~90백분위,molit_csv,3,2026-04-29,https://rt.molit.go.kr/pt/xls/xls.do?mobileAt=v
전농동삼성래미안,동대문구,8.2,9.0,9.5,전용 60~60㎡,2026-04-24,국토부 실거래 3건 · 10~90백분위,molit_csv,3,2026-04-24,https://rt.molit.go.kr/pt/xls/xls.do?mobileAt=v
브라운스톤휘경,동대문구,8.4,9.12,9.8,전용 60~60㎡,2026-06-09,국토부 실거래 4건 · 10~90백분위,molit_csv,4,2026-06-09,https://rt.molit.go.kr/pt/xls/xls.do?mobileAt=v
두산,동대문구,7.35,9.2,9.35,전용 60~60㎡,2026-04-25,국토부 실거래 3건 · 10~90백분위,molit_csv,3,2026-04-25,https://rt.molit.go.kr/pt/xls/xls.do?mobileAt=v
대림e-편한세상,동대문구,7.2,9.25,9.95,전용 60~60㎡,2026-05-09,국토부 실거래 8건 · 10~90백분위,molit_csv,8,2026-05-09,https://rt.molit.go.kr/pt/xls/xls.do?mobileAt=v
동아,동대문구,7.8,9.45,9.75,전용 58~60㎡,2026-06-24,국토부 실거래 15건 · 10~90백분위,molit_csv,15,2026-06-24,https://rt.molit.go.kr/pt/xls/xls.do?mobileAt=v
전농SK,동대문구,9.0,9.5,9.95,전용 59~60㎡,2026-05-30,국토부 실거래 9건 · 10~90백분위,molit_csv,9,2026-05-30,https://rt.molit.go.kr/pt/xls/xls.do?mobileAt=v
쌍용,동대문구,8.94,9.55,9.9,전용 60~60㎡,2026-07-04,국토부 실거래 19건 · 10~90백분위,molit_csv,19,2026-07-04,https://rt.molit.go.kr/pt/xls/xls.do?mobileAt=v
답십리청솔우성,동대문구,9.1,9.62,9.95,전용 60~60㎡,2026-06-03,국토부 실거래 8건 · 10~90백분위,molit_csv,8,2026-06-03,https://rt.molit.go.kr/pt/xls/xls.do?mobileAt=v
휘경해모로프레스티지,동대문구,9.0,9.65,10.0,전용 60~60㎡,2026-04-24,국토부 실거래 3건 · 10~90백분위,molit_csv,3,2026-04-24,https://rt.molit.go.kr/pt/xls/xls.do?mobileAt=v
장안현대홈타운(336),동대문구,8.9,9.8,10.0,전용 58~60㎡,2026-06-17,국토부 실거래 10건 · 10~90백분위,molit_csv,10,2026-06-17,https://rt.molit.go.kr/pt/xls/xls.do?mobileAt=v
한신아파트,동대문구,9.45,9.9,9.98,전용 60~60㎡,2026-05-09,국토부 실거래 7건 · 10~90백분위,molit_csv,7,2026-05-09,https://rt.molit.go.kr/pt/xls/xls.do?mobileAt=v
펭귄,동작구,3.9,4.47,5.9,전용 58~58㎡,2026-05-14,국토부 실거래 3건 · 10~90백분위,molit_csv,3,2026-05-14,https://rt.molit.go.kr/pt/xls/xls.do?mobileAt=v
신대방,동작구,5.9,6.2,6.4,전용 60~60㎡,2026-05-28,국토부 실거래 6건 · 10~90백분위,molit_csv,6,2026-05-28,https://rt.molit.go.kr/pt/xls/xls.do?mobileAt=v
해태보라매타워,동작구,6.4,6.48,6.9,전용 60~60㎡,2026-05-04,국토부 실거래 5건 · 10~90백분위,molit_csv,5,2026-05-04,https://rt.molit.go.kr/pt/xls/xls.do?mobileAt=v
르메이에르,동작구,7.0,7.21,7.65,전용 59~59㎡,2026-05-08,국토부 실거래 6건 · 10~90백분위,molit_csv,6,2026-05-08,https://rt.molit.go.kr/pt/xls/xls.do?mobileAt=v
반석블레스,동작구,7.3,7.6,7.7,전용 60~60㎡,2026-05-20,국토부 실거래 3건 · 10~90백분위,molit_csv,3,2026-05-20,https://rt.molit.go.kr/pt/xls/xls.do?mobileAt=v
상도현대,동작구,7.55,7.98,8.7,전용 60~60㎡,2026-06-26,국토부 실거래 7건 · 10~90백분위,molit_csv,7,2026-06-26,https://rt.molit.go.kr/pt/xls/xls.do?mobileAt=v
벽산,동작구,7.65,8.0,8.8,전용 60~60㎡,2026-05-24,국토부 실거래 3건 · 10~90백분위,molit_csv,3,2026-05-24,https://rt.molit.go.kr/pt/xls/xls.do?mobileAt=v
우정,동작구,8.7,8.7,9.0,전용 60~60㎡,2026-04-06,국토부 실거래 3건 · 10~90백분위,molit_csv,3,2026-04-06,https://rt.molit.go.kr/pt/xls/xls.do?mobileAt=v
우성2차,동작구,8.45,8.82,8.95,전용 59~59㎡,2026-06-23,국토부 실거래 4건 · 10~90백분위,molit_csv,4,2026-06-23,https://rt.molit.go.kr/pt/xls/xls.do?mobileAt=v
신일해피트리,동작구,8.78,9.06,9.7,전용 60~60㎡,2026-05-27,국토부 실거래 8건 · 10~90백분위,molit_csv,8,2026-05-27,https://rt.molit.go.kr/pt/xls/xls.do?mobileAt=v
경남아너스빌1차,동작구,9.43,9.5,9.5,전용 60~60㎡,2026-04-10,국토부 실거래 3건 · 10~90백분위,molit_csv,3,2026-04-10,https://rt.molit.go.kr/pt/xls/xls.do?mobileAt=v
신대방경남,동작구,9.33,9.55,9.9,전용 56~56㎡,2026-05-19,국토부 실거래 4건 · 10~90백분위,molit_csv,4,2026-05-19,https://rt.molit.go.kr/pt/xls/xls.do?mobileAt=v
사당휴먼시아,동작구,9.0,9.6,10.0,전용 60~60㎡,2026-05-01,국토부 실거래 4건 · 10~90백분위,molit_csv,4,2026-05-01,https://rt.molit.go.kr/pt/xls/xls.do?mobileAt=v
현대(관악),동작구,9.6,9.62,9.9,전용 59~59㎡,2026-04-17,국토부 실거래 4건 · 10~90백분위,molit_csv,4,2026-04-17,https://rt.molit.go.kr/pt/xls/xls.do?mobileAt=v
현대,동작구,7.9,9.7,9.7,전용 52~60㎡,2026-04-03,국토부 실거래 3건 · 10~90백분위,molit_csv,3,2026-04-03,https://rt.molit.go.kr/pt/xls/xls.do?mobileAt=v
대우미래사랑,마포구,5.5,5.85,5.9,전용 57~57㎡,2026-07-07,국토부 실거래 3건 · 10~90백분위,molit_csv,3,2026-07-07,https://rt.molit.go.kr/pt/xls/xls.do?mobileAt=v
중앙하이츠101동,마포구,4.28,5.9,5.97,전용 58~58㎡,2026-06-13,국토부 실거래 3건 · 10~90백분위,molit_csv,3,2026-06-13,https://rt.molit.go.kr/pt/xls/xls.do?mobileAt=v
미원1,마포구,5.55,6.09,6.35,전용 59~59㎡,2026-06-04,국토부 실거래 4건 · 10~90백분위,molit_csv,4,2026-06-04,https://rt.molit.go.kr/pt/xls/xls.do?mobileAt=v
미원2,마포구,5.95,6.47,6.85,전용 55~60㎡,2026-04-13,국토부 실거래 4건 · 10~90백분위,molit_csv,4,2026-04-13,https://rt.molit.go.kr/pt/xls/xls.do?mobileAt=v
성원2,마포구,6.7,6.8,6.8,전용 59~59㎡,2026-05-07,국토부 실거래 3건 · 10~90백분위,molit_csv,3,2026-05-07,https://rt.molit.go.kr/pt/xls/xls.do?mobileAt=v
건영월드컵,마포구,6.79,7.0,7.17,전용 59~59㎡,2026-05-01,국토부 실거래 3건 · 10~90백분위,molit_csv,3,2026-05-01,https://rt.molit.go.kr/pt/xls/xls.do?mobileAt=v
만민하늘애,마포구,7.8,7.8,8.1,전용 54~54㎡,2026-04-23,국토부 실거래 5건 · 10~90백분위,molit_csv,5,2026-04-23,https://rt.molit.go.kr/pt/xls/xls.do?mobileAt=v
중동계룡아파트,마포구,7.4,7.8,8.6,전용 60~60㎡,2026-05-21,국토부 실거래 3건 · 10~90백분위,molit_csv,3,2026-05-21,https://rt.molit.go.kr/pt/xls/xls.do?mobileAt=v
대명,마포구,5.3,8.8,9.3,전용 60~60㎡,2026-07-02,국토부 실거래 3건 · 10~90백분위,molit_csv,3,2026-07-02,https://rt.molit.go.kr/pt/xls/xls.do?mobileAt=v
DMC상암센트럴파크2단지,마포구,8.15,8.9,9.0,전용 52~52㎡,2026-06-15,국토부 실거래 3건 · 10~90백분위,molit_csv,3,2026-06-15,https://rt.molit.go.kr/pt/xls/xls.do?mobileAt=v
휴먼빌,마포구,8.95,9.1,9.4,전용 60~60㎡,2026-05-07,국토부 실거래 7건 · 10~90백분위,molit_csv,7,2026-05-07,https://rt.molit.go.kr/pt/xls/xls.do?mobileAt=v
현대,마포구,8.32,9.35,9.4,전용 60~60㎡,2026-06-11,국토부 실거래 3건 · 10~90백분위,molit_csv,3,2026-06-11,https://rt.molit.go.kr/pt/xls/xls.do?mobileAt=v
상암월드컵파크12단지,마포구,9.0,9.38,9.4,전용 60~60㎡,2026-05-21,국토부 실거래 4건 · 10~90백분위,molit_csv,4,2026-05-21,https://rt.molit.go.kr/pt/xls/xls.do?mobileAt=v
마포중동현대,마포구,7.85,9.4,9.45,전용 60~60㎡,2026-02-21,국토부 실거래 3건 · 10~90백분위,molit_csv,3,2026-02-21,https://rt.molit.go.kr/pt/xls/xls.do?mobileAt=v
풍림1차,서대문구,4.5,4.98,5.05,전용 57~57㎡,2026-06-11,국토부 실거래 4건 · 10~90백분위,molit_csv,4,2026-06-11,https://rt.molit.go.kr/pt/xls/xls.do?mobileAt=v
유원하나,서대문구,5.2,5.47,5.7,전용 59~59㎡,2026-06-30,국토부 실거래 12건 · 10~90백분위,molit_csv,12,2026-06-30,https://rt.molit.go.kr/pt/xls/xls.do?mobileAt=v
남양,서대문구,5.3,6.0,6.0,전용 60~60㎡,2026-04-03,국토부 실거래 5건 · 10~90백분위,molit_csv,5,2026-04-03,https://rt.molit.go.kr/pt/xls/xls.do?mobileAt=v
두산,서대문구,5.97,6.17,6.28,전용 60~60㎡,2026-06-17,국토부 실거래 7건 · 10~90백분위,molit_csv,7,2026-06-17,https://rt.molit.go.kr/pt/xls/xls.do?mobileAt=v
풍림2,서대문구,6.0,6.4,6.8,전용 58~58㎡,2026-06-02,국토부 실거래 10건 · 10~90백분위,molit_csv,10,2026-06-02,https://rt.molit.go.kr/pt/xls/xls.do?mobileAt=v
HDX휴팰리스,서대문구,6.2,6.47,6.51,전용 59~59㎡,2026-05-09,국토부 실거래 6건 · 10~90백분위,molit_csv,6,2026-05-09,https://rt.molit.go.kr/pt/xls/xls.do?mobileAt=v
홍은동벽산,서대문구,5.9,6.5,7.0,전용 59~59㎡,2026-06-12,국토부 실거래 13건 · 10~90백분위,molit_csv,13,2026-06-12,https://rt.molit.go.kr/pt/xls/xls.do?mobileAt=v
독립문파크빌,서대문구,6.2,6.53,7.0,전용 59~59㎡,2026-06-18,국토부 실거래 14건 · 10~90백분위,molit_csv,14,2026-06-18,https://rt.molit.go.kr/pt/xls/xls.do?mobileAt=v
DMC현대아파트,서대문구,6.0,6.8,7.42,전용 55~60㎡,2026-06-11,국토부 실거래 5건 · 10~90백분위,molit_csv,5,2026-06-11,https://rt.molit.go.kr/pt/xls/xls.do?mobileAt=v
"현대(1,2차)",서대문구,6.1,6.85,7.2,전용 60~60㎡,2026-05-26,국토부 실거래 11건 · 10~90백분위,molit_csv,11,2026-05-26,https://rt.molit.go.kr/pt/xls/xls.do?mobileAt=v
문화촌현대,서대문구,6.5,7.0,8.0,전용 60~60㎡,2026-06-09,국토부 실거래 24건 · 10~90백분위,molit_csv,24,2026-06-09,https://rt.molit.go.kr/pt/xls/xls.do?mobileAt=v
성원,서대문구,6.1,7.05,7.65,전용 55~60㎡,2026-06-17,국토부 실거래 12건 · 10~90백분위,molit_csv,12,2026-06-17,https://rt.molit.go.kr/pt/xls/xls.do?mobileAt=v
임광,서대문구,7.4,7.5,7.6,전용 60~60㎡,2026-06-24,국토부 실거래 8건 · 10~90백분위,molit_csv,8,2026-06-24,https://rt.molit.go.kr/pt/xls/xls.do?mobileAt=v
북한산두산위브,서대문구,7.55,7.75,8.55,전용 59~60㎡,2026-05-05,국토부 실거래 9건 · 10~90백분위,molit_csv,9,2026-05-05,https://rt.molit.go.kr/pt/xls/xls.do?mobileAt=v
인왕산벽산,서대문구,7.25,7.8,8.0,전용 60~60㎡,2026-04-24,국토부 실거래 4건 · 10~90백분위,molit_csv,4,2026-04-24,https://rt.molit.go.kr/pt/xls/xls.do?mobileAt=v
청구3차,서대문구,7.28,7.8,7.8,전용 59~59㎡,2026-04-18,국토부 실거래 6건 · 10~90백분위,molit_csv,6,2026-04-18,https://rt.molit.go.kr/pt/xls/xls.do?mobileAt=v
홍은센트레빌,서대문구,7.35,7.8,8.3,전용 60~60㎡,2026-05-04,국토부 실거래 5건 · 10~90백분위,molit_csv,5,2026-05-04,https://rt.molit.go.kr/pt/xls/xls.do?mobileAt=v
청구2차,서대문구,6.5,7.99,9.2,전용 60~60㎡,2026-07-03,국토부 실거래 6건 · 10~90백분위,molit_csv,6,2026-07-03,https://rt.molit.go.kr/pt/xls/xls.do?mobileAt=v
북한산두산위브2차,서대문구,7.75,8.0,8.5,전용 60~60㎡,2026-06-23,국토부 실거래 14건 · 10~90백분위,molit_csv,14,2026-06-23,https://rt.molit.go.kr/pt/xls/xls.do?mobileAt=v
월드컵현대,서대문구,7.3,8.15,8.3,전용 60~60㎡,2026-05-16,국토부 실거래 6건 · 10~90백분위,molit_csv,6,2026-05-16,https://rt.molit.go.kr/pt/xls/xls.do?mobileAt=v
인왕산현대,서대문구,8.27,9.01,9.65,전용 60~60㎡,2026-05-10,국토부 실거래 8건 · 10~90백분위,molit_csv,8,2026-05-10,https://rt.molit.go.kr/pt/xls/xls.do?mobileAt=v
홍제삼성래미안,서대문구,8.2,9.07,9.45,전용 60~60㎡,2026-06-27,국토부 실거래 12건 · 10~90백분위,molit_csv,12,2026-06-27,https://rt.molit.go.kr/pt/xls/xls.do?mobileAt=v
남가좌동현대,서대문구,8.0,9.12,9.45,전용 59~59㎡,2026-06-20,국토부 실거래 22건 · 10~90백분위,molit_csv,22,2026-06-20,https://rt.molit.go.kr/pt/xls/xls.do?mobileAt=v
DMC래미안클라시스,서대문구,9.2,9.6,10.0,전용 60~60㎡,2026-05-07,국토부 실거래 14건 · 10~90백분위,molit_csv,14,2026-05-07,https://rt.molit.go.kr/pt/xls/xls.do?mobileAt=v
홍제원현대(459-0),서대문구,8.6,9.64,9.8,전용 60~60㎡,2026-05-16,국토부 실거래 8건 · 10~90백분위,molit_csv,8,2026-05-16,https://rt.molit.go.kr/pt/xls/xls.do?mobileAt=v
천연뜨란채,서대문구,8.5,9.65,10.0,전용 56~58㎡,2026-06-17,국토부 실거래 4건 · 10~90백분위,molit_csv,4,2026-06-17,https://rt.molit.go.kr/pt/xls/xls.do?mobileAt=v
동부센트레빌,서대문구,8.97,9.7,9.8,전용 60~60㎡,2026-05-02,국토부 실거래 3건 · 10~90백분위,molit_csv,3,2026-05-02,https://rt.molit.go.kr/pt/xls/xls.do?mobileAt=v
힐스테이트홍은포레스트,서대문구,9.0,9.7,10.0,전용 60~60㎡,2026-06-13,국토부 실거래 15건 · 10~90백분위,molit_csv,15,2026-06-13,https://rt.molit.go.kr/pt/xls/xls.do?mobileAt=v
대우푸르지오,서대문구,8.95,9.82,9.9,전용 60~60㎡,2026-05-09,국토부 실거래 10건 · 10~90백분위,molit_csv,10,2026-05-09,https://rt.molit.go.kr/pt/xls/xls.do?mobileAt=v
연희파크푸르지오,서대문구,9.85,9.97,10.0,전용 60~60㎡,2026-04-16,국토부 실거래 4건 · 10~90백분위,molit_csv,4,2026-04-16,https://rt.molit.go.kr/pt/xls/xls.do?mobileAt=v
성수1차대우아파트,성동구,7.4,7.7,8.0,전용 59~59㎡,2026-06-12,국토부 실거래 3건 · 10~90백분위,molit_csv,3,2026-06-12,https://rt.molit.go.kr/pt/xls/xls.do?mobileAt=v
건영,성동구,9.3,9.6,9.9,전용 60~60㎡,2026-04-04,국토부 실거래 5건 · 10~90백분위,molit_csv,5,2026-04-04,https://rt.molit.go.kr/pt/xls/xls.do?mobileAt=v
대광,성북구,2.0,2.2,2.2,전용 52~55㎡,2026-05-18,국토부 실거래 3건 · 10~90백분위,molit_csv,3,2026-05-18,https://rt.molit.go.kr/pt/xls/xls.do?mobileAt=v
"산장아파트가동,나동",성북구,3.1,3.49,3.62,전용 53~53㎡,2026-07-03,국토부 실거래 8건 · 10~90백분위,molit_csv,8,2026-07-03,https://rt.molit.go.kr/pt/xls/xls.do?mobileAt=v
정릉중앙하이츠아파트,성북구,3.5,4.05,4.23,전용 59~59㎡,2026-07-07,국토부 실거래 4건 · 10~90백분위,molit_csv,4,2026-07-07,https://rt.molit.go.kr/pt/xls/xls.do?mobileAt=v
우방,성북구,4.17,4.3,4.67,전용 60~60㎡,2026-06-13,국토부 실거래 7건 · 10~90백분위,molit_csv,7,2026-06-13,https://rt.molit.go.kr/pt/xls/xls.do?mobileAt=v
아남,성북구,5.35,5.35,5.7,전용 60~60㎡,2026-07-02,국토부 실거래 3건 · 10~90백분위,molit_csv,3,2026-07-02,https://rt.molit.go.kr/pt/xls/xls.do?mobileAt=v
대우,성북구,5.2,5.45,5.7,전용 60~60㎡,2026-06-03,국토부 실거래 9건 · 10~90백분위,molit_csv,9,2026-06-03,https://rt.molit.go.kr/pt/xls/xls.do?mobileAt=v
정릉성원상떼빌,성북구,5.38,5.48,5.55,전용 60~60㎡,2026-06-08,국토부 실거래 5건 · 10~90백분위,molit_csv,5,2026-06-08,https://rt.molit.go.kr/pt/xls/xls.do?mobileAt=v
우방아파트,성북구,5.6,5.66,5.8,전용 60~60㎡,2026-06-09,국토부 실거래 4건 · 10~90백분위,molit_csv,4,2026-06-09,https://rt.molit.go.kr/pt/xls/xls.do?mobileAt=v
정릉풍림아이원,성북구,5.4,5.85,6.25,전용 60~60㎡,2026-07-04,국토부 실거래 49건 · 10~90백분위,molit_csv,49,2026-07-04,https://rt.molit.go.kr/pt/xls/xls.do?mobileAt=v
쌍용2,성북구,5.6,5.9,6.0,전용 60~60㎡,2026-05-26,국토부 실거래 9건 · 10~90백분위,molit_csv,9,2026-05-26,https://rt.molit.go.kr/pt/xls/xls.do?mobileAt=v
돈암동 풍림아파트 101~105동,성북구,5.45,6.0,6.3,전용 60~60㎡,2026-02-21,국토부 실거래 3건 · 10~90백분위,molit_csv,3,2026-02-21,https://rt.molit.go.kr/pt/xls/xls.do?mobileAt=v
베로니스,성북구,5.95,6.0,6.2,전용 53~53㎡,2026-04-20,국토부 실거래 3건 · 10~90백분위,molit_csv,3,2026-04-20,https://rt.molit.go.kr/pt/xls/xls.do?mobileAt=v
정릉스카이쌍용아파트,성북구,5.3,6.2,6.35,전용 60~60㎡,2026-05-21,국토부 실거래 9건 · 10~90백분위,molit_csv,9,2026-05-21,https://rt.molit.go.kr/pt/xls/xls.do?mobileAt=v
중앙하이츠,성북구,5.75,6.22,6.42,전용 60~60㎡,2026-06-13,국토부 실거래 6건 · 10~90백분위,molit_csv,6,2026-06-13,https://rt.molit.go.kr/pt/xls/xls.do?mobileAt=v
종암선경,성북구,5.33,6.24,7.3,전용 59~59㎡,2026-06-30,국토부 실거래 4건 · 10~90백분위,molit_csv,4,2026-06-30,https://rt.molit.go.kr/pt/xls/xls.do?mobileAt=v
길음뉴타운데시앙,성북구,6.1,6.25,6.3,전용 59~59㎡,2026-05-15,국토부 실거래 7건 · 10~90백분위,molit_csv,7,2026-05-15,https://rt.molit.go.kr/pt/xls/xls.do?mobileAt=v
중앙하이츠빌1단지,성북구,5.9,6.3,6.5,전용 60~60㎡,2026-06-17,국토부 실거래 7건 · 10~90백분위,molit_csv,7,2026-06-17,https://rt.molit.go.kr/pt/xls/xls.do?mobileAt=v
정릉푸른마을동아,성북구,6.3,6.4,6.8,전용 59~60㎡,2026-07-01,국토부 실거래 8건 · 10~90백분위,molit_csv,8,2026-07-01,https://rt.molit.go.kr/pt/xls/xls.do?mobileAt=v
중앙하이츠빌2단지,성북구,6.25,6.5,7.15,전용 60~60㎡,2026-06-26,국토부 실거래 7건 · 10~90백분위,molit_csv,7,2026-06-26,https://rt.molit.go.kr/pt/xls/xls.do?mobileAt=v
극동,성북구,4.7,6.75,7.0,전용 60~60㎡,2026-06-12,국토부 실거래 5건 · 10~90백분위,molit_csv,5,2026-06-12,https://rt.molit.go.kr/pt/xls/xls.do?mobileAt=v
송산아파트,성북구,6.2,6.8,7.05,전용 59~59㎡,2026-07-03,국토부 실거래 6건 · 10~90백분위,molit_csv,6,2026-07-03,https://rt.molit.go.kr/pt/xls/xls.do?mobileAt=v
정릉e-편한세상,성북구,6.78,6.96,7.18,전용 60~60㎡,2026-07-07,국토부 실거래 10건 · 10~90백분위,molit_csv,10,2026-07-07,https://rt.molit.go.kr/pt/xls/xls.do?mobileAt=v
돈암현대아파트,성북구,7.0,7.0,7.25,전용 56~57㎡,2026-05-20,국토부 실거래 7건 · 10~90백분위,molit_csv,7,2026-05-20,https://rt.molit.go.kr/pt/xls/xls.do?mobileAt=v
길음뉴타운경남아너스빌,성북구,6.0,7.01,7.6,전용 50~60㎡,2026-05-02,국토부 실거래 14건 · 10~90백분위,molit_csv,14,2026-05-02,https://rt.molit.go.kr/pt/xls/xls.do?mobileAt=v
코오롱,성북구,6.5,7.15,7.6,전용 60~60㎡,2026-06-26,국토부 실거래 10건 · 10~90백분위,molit_csv,10,2026-06-26,https://rt.molit.go.kr/pt/xls/xls.do?mobileAt=v
삼부컨비니언,성북구,6.7,7.3,7.6,전용 60~60㎡,2026-05-23,국토부 실거래 17건 · 10~90백분위,molit_csv,17,2026-05-23,https://rt.molit.go.kr/pt/xls/xls.do?mobileAt=v
정릉힐스테이트3차,성북구,7.28,7.3,7.4,전용 60~60㎡,2026-06-25,국토부 실거래 9건 · 10~90백분위,molit_csv,9,2026-06-25,https://rt.molit.go.kr/pt/xls/xls.do?mobileAt=v
정릉푸르지오,성북구,7.2,7.39,7.62,전용 60~60㎡,2026-05-07,국토부 실거래 4건 · 10~90백분위,molit_csv,4,2026-05-07,https://rt.molit.go.kr/pt/xls/xls.do?mobileAt=v
참누리아파트,성북구,6.75,7.45,8.0,전용 60~60㎡,2026-06-23,국토부 실거래 4건 · 10~90백분위,molit_csv,4,2026-06-23,https://rt.molit.go.kr/pt/xls/xls.do?mobileAt=v
동아에코빌,성북구,7.15,7.6,8.3,전용 60~60㎡,2026-06-15,국토부 실거래 22건 · 10~90백분위,molit_csv,22,2026-06-15,https://rt.molit.go.kr/pt/xls/xls.do?mobileAt=v
범양,성북구,7.05,7.66,8.47,전용 60~60㎡,2026-06-05,국토부 실거래 12건 · 10~90백분위,molit_csv,12,2026-06-05,https://rt.molit.go.kr/pt/xls/xls.do?mobileAt=v
동신,성북구,7.1,7.7,7.97,전용 60~60㎡,2026-06-11,국토부 실거래 15건 · 10~90백분위,molit_csv,15,2026-06-11,https://rt.molit.go.kr/pt/xls/xls.do?mobileAt=v
한진(609-1),성북구,7.0,7.75,8.27,전용 60~60㎡,2026-06-27,국토부 실거래 41건 · 10~90백분위,molit_csv,41,2026-06-27,https://rt.molit.go.kr/pt/xls/xls.do?mobileAt=v
정릉꿈에그린,성북구,5.65,8.0,8.0,전용 53~60㎡,2026-05-01,국토부 실거래 6건 · 10~90백분위,molit_csv,6,2026-05-01,https://rt.molit.go.kr/pt/xls/xls.do?mobileAt=v
종암에스케이,성북구,7.89,8.05,8.42,전용 59~60㎡,2026-05-27,국토부 실거래 17건 · 10~90백분위,molit_csv,17,2026-05-27,https://rt.molit.go.kr/pt/xls/xls.do?mobileAt=v
한신플러스C,성북구,8.0,8.1,8.95,전용 60~60㎡,2026-06-20,국토부 실거래 9건 · 10~90백분위,molit_csv,9,2026-06-20,https://rt.molit.go.kr/pt/xls/xls.do?mobileAt=v
돈암동삼성,성북구,7.35,8.3,8.78,전용 59~59㎡,2026-06-19,국토부 실거래 13건 · 10~90백분위,molit_csv,13,2026-06-19,https://rt.molit.go.kr/pt/xls/xls.do?mobileAt=v
돈암힐스테이트,성북구,8.0,8.35,8.55,전용 59~60㎡,2026-05-15,국토부 실거래 4건 · 10~90백분위,molit_csv,4,2026-05-15,https://rt.molit.go.kr/pt/xls/xls.do?mobileAt=v
안암동삼성래미안,성북구,8.1,8.35,9.4,전용 60~60㎡,2026-06-29,국토부 실거래 8건 · 10~90백분위,molit_csv,8,2026-06-29,https://rt.molit.go.kr/pt/xls/xls.do?mobileAt=v
아이파크종암동2차,성북구,8.4,8.5,8.9,전용 60~60㎡,2026-04-27,국토부 실거래 7건 · 10~90백분위,molit_csv,7,2026-04-27,https://rt.molit.go.kr/pt/xls/xls.do?mobileAt=v
정릉2차e-편한세상,성북구,8.05,8.62,8.8,전용 59~60㎡,2026-05-23,국토부 실거래 6건 · 10~90백분위,molit_csv,6,2026-05-23,https://rt.molit.go.kr/pt/xls/xls.do?mobileAt=v
길음뉴타운3단지푸르지오,성북구,8.5,8.75,9.6,전용 60~60㎡,2026-05-29,국토부 실거래 7건 · 10~90백분위,molit_csv,7,2026-05-29,https://rt.molit.go.kr/pt/xls/xls.do?mobileAt=v
두산,성북구,7.5,8.8,9.48,전용 55~60㎡,2026-07-01,국토부 실거래 33건 · 10~90백분위,molit_csv,33,2026-07-01,https://rt.molit.go.kr/pt/xls/xls.do?mobileAt=v
이수브라운스톤돈암,성북구,8.2,8.8,9.5,전용 60~60㎡,2026-07-01,국토부 실거래 23건 · 10~90백분위,molit_csv,23,2026-07-01,https://rt.molit.go.kr/pt/xls/xls.do?mobileAt=v
꿈의숲푸르지오,성북구,8.0,8.9,9.35,전용 60~60㎡,2026-06-22,국토부 실거래 33건 · 10~90백분위,molit_csv,33,2026-06-22,https://rt.molit.go.kr/pt/xls/xls.do?mobileAt=v
꿈의숲대명루첸아파트,성북구,8.6,9.05,9.25,전용 60~60㎡,2026-06-04,국토부 실거래 6건 · 10~90백분위,molit_csv,6,2026-06-04,https://rt.molit.go.kr/pt/xls/xls.do?mobileAt=v
브라운스톤동선,성북구,8.87,9.09,9.41,전용 60~60㎡,2026-05-30,국토부 실거래 6건 · 10~90백분위,molit_csv,6,2026-05-30,https://rt.molit.go.kr/pt/xls/xls.do?mobileAt=v
길음뉴타운2단지푸르지오,성북구,8.8,9.1,9.7,전용 60~60㎡,2026-06-12,국토부 실거래 9건 · 10~90백분위,molit_csv,9,2026-06-12,https://rt.molit.go.kr/pt/xls/xls.do?mobileAt=v
석관래미안,성북구,8.2,9.1,9.6,전용 60~60㎡,2026-05-25,국토부 실거래 4건 · 10~90백분위,molit_csv,4,2026-05-25,https://rt.molit.go.kr/pt/xls/xls.do?mobileAt=v
월곡두산위브,성북구,8.8,9.18,9.6,전용 60~60㎡,2026-07-04,국토부 실거래 20건 · 10~90백분위,molit_csv,20,2026-07-04,https://rt.molit.go.kr/pt/xls/xls.do?mobileAt=v
래미안크리시엘,성북구,8.8,9.2,9.6,전용 60~60㎡,2026-05-22,국토부 실거래 11건 · 10~90백분위,molit_csv,11,2026-05-22,https://rt.molit.go.kr/pt/xls/xls.do?mobileAt=v
아이파크종암동1차,성북구,8.45,9.22,9.5,전용 55~60㎡,2026-05-02,국토부 실거래 8건 · 10~90백분위,molit_csv,8,2026-05-02,https://rt.molit.go.kr/pt/xls/xls.do?mobileAt=v
삼선현대힐스테이트,성북구,7.6,9.23,9.85,전용 57~57㎡,2026-06-20,국토부 실거래 4건 · 10~90백분위,molit_csv,4,2026-06-20,https://rt.molit.go.kr/pt/xls/xls.do?mobileAt=v
삼선푸르지오,성북구,8.4,9.25,9.75,전용 60~60㎡,2026-05-28,국토부 실거래 14건 · 10~90백분위,molit_csv,14,2026-05-28,https://rt.molit.go.kr/pt/xls/xls.do?mobileAt=v
래미안월곡,성북구,8.9,9.45,9.8,전용 60~60㎡,2026-05-01,국토부 실거래 13건 · 10~90백분위,molit_csv,13,2026-05-01,https://rt.molit.go.kr/pt/xls/xls.do?mobileAt=v
종암2차SKVIEW,성북구,9.2,9.5,9.55,전용 60~60㎡,2026-05-16,국토부 실거래 7건 · 10~90백분위,molit_csv,7,2026-05-16,https://rt.molit.go.kr/pt/xls/xls.do?mobileAt=v
래미안세레니티,성북구,9.34,9.6,9.75,전용 60~60㎡,2026-04-24,국토부 실거래 7건 · 10~90백분위,molit_csv,7,2026-04-24,https://rt.molit.go.kr/pt/xls/xls.do?mobileAt=v
월곡래미안루나밸리,성북구,9.0,9.7,10.0,전용 60~60㎡,2026-05-23,국토부 실거래 13건 · 10~90백분위,molit_csv,13,2026-05-23,https://rt.molit.go.kr/pt/xls/xls.do?mobileAt=v
돈암코오롱하늘채,성북구,9.4,9.75,9.8,전용 60~60㎡,2026-04-14,국토부 실거래 3건 · 10~90백분위,molit_csv,3,2026-04-14,https://rt.molit.go.kr/pt/xls/xls.do?mobileAt=v
길음동동부센트레빌(1278-0),성북구,8.85,9.95,10.0,전용 60~60㎡,2026-05-20,국토부 실거래 4건 · 10~90백분위,molit_csv,4,2026-05-20,https://rt.molit.go.kr/pt/xls/xls.do?mobileAt=v
길음뉴타운4단지(e편한세상),성북구,9.7,9.96,10.0,전용 60~60㎡,2026-03-14,국토부 실거래 4건 · 10~90백분위,molit_csv,4,2026-03-14,https://rt.molit.go.kr/pt/xls/xls.do?mobileAt=v
신동아타워,송파구,5.0,6.05,6.25,전용 50~50㎡,2026-04-27,국토부 실거래 3건 · 10~90백분위,molit_csv,3,2026-04-27,https://rt.molit.go.kr/pt/xls/xls.do?mobileAt=v
올림픽카운티,송파구,6.0,6.1,6.57,전용 56~56㎡,2026-04-01,국토부 실거래 3건 · 10~90백분위,molit_csv,3,2026-04-01,https://rt.molit.go.kr/pt/xls/xls.do?mobileAt=v
신동아,송파구,6.0,6.52,7.1,전용 60~60㎡,2026-06-11,국토부 실거래 13건 · 10~90백분위,molit_csv,13,2026-06-11,https://rt.molit.go.kr/pt/xls/xls.do?mobileAt=v
현대그린빌,송파구,6.4,6.8,6.9,전용 60~60㎡,2026-06-18,국토부 실거래 3건 · 10~90백분위,molit_csv,3,2026-06-18,https://rt.molit.go.kr/pt/xls/xls.do?mobileAt=v
신동아파밀리에,송파구,6.8,7.0,8.45,전용 59~59㎡,2026-05-30,국토부 실거래 3건 · 10~90백분위,molit_csv,3,2026-05-30,https://rt.molit.go.kr/pt/xls/xls.do?mobileAt=v
강남팰리스,송파구,6.9,7.25,7.9,전용 56~58㎡,2026-04-06,국토부 실거래 4건 · 10~90백분위,molit_csv,4,2026-04-06,https://rt.molit.go.kr/pt/xls/xls.do?mobileAt=v
송파건원여미지아파트,송파구,7.0,7.25,8.1,전용 52~52㎡,2026-05-09,국토부 실거래 3건 · 10~90백분위,molit_csv,3,2026-05-09,https://rt.molit.go.kr/pt/xls/xls.do?mobileAt=v
하이파크아파트,송파구,7.45,7.5,7.6,전용 51~51㎡,2026-05-02,국토부 실거래 3건 · 10~90백분위,molit_csv,3,2026-05-02,https://rt.molit.go.kr/pt/xls/xls.do?mobileAt=v
갑을,송파구,8.0,8.2,9.5,전용 59~60㎡,2026-05-08,국토부 실거래 5건 · 10~90백분위,molit_csv,5,2026-05-08,https://rt.molit.go.kr/pt/xls/xls.do?mobileAt=v
거여5단지,송파구,6.6,8.3,9.5,전용 60~60㎡,2026-04-20,국토부 실거래 3건 · 10~90백분위,molit_csv,3,2026-04-20,https://rt.molit.go.kr/pt/xls/xls.do?mobileAt=v
문정동아,송파구,7.95,8.4,8.5,전용 58~58㎡,2026-06-12,국토부 실거래 3건 · 10~90백분위,molit_csv,3,2026-06-12,https://rt.molit.go.kr/pt/xls/xls.do?mobileAt=v
토성현대,송파구,8.43,8.45,8.5,전용 57~57㎡,2026-06-04,국토부 실거래 3건 · 10~90백분위,molit_csv,3,2026-06-04,https://rt.molit.go.kr/pt/xls/xls.do?mobileAt=v
진넥스베르디엠,송파구,7.45,8.8,9.2,전용 60~60㎡,2026-04-28,국토부 실거래 3건 · 10~90백분위,molit_csv,3,2026-04-28,https://rt.molit.go.kr/pt/xls/xls.do?mobileAt=v
현대(62-5),송파구,9.5,9.72,9.75,전용 55~55㎡,2026-06-18,국토부 실거래 4건 · 10~90백분위,molit_csv,4,2026-06-18,https://rt.molit.go.kr/pt/xls/xls.do?mobileAt=v
해태,양천구,4.3,4.45,4.5,전용 60~60㎡,2026-06-02,국토부 실거래 4건 · 10~90백분위,molit_csv,4,2026-06-02,https://rt.molit.go.kr/pt/xls/xls.do?mobileAt=v
리슈리안,양천구,5.0,5.0,5.05,전용 53~53㎡,2026-04-30,국토부 실거래 3건 · 10~90백분위,molit_csv,3,2026-04-30,https://rt.molit.go.kr/pt/xls/xls.do?mobileAt=v
대방샤인힐,양천구,5.05,5.17,5.3,전용 60~60㎡,2026-06-04,국토부 실거래 4건 · 10~90백분위,molit_csv,4,2026-06-04,https://rt.molit.go.kr/pt/xls/xls.do?mobileAt=v
신월2차보람쉬움,양천구,5.3,5.33,5.35,전용 59~59㎡,2026-06-19,국토부 실거래 3건 · 10~90백분위,molit_csv,3,2026-06-19,https://rt.molit.go.kr/pt/xls/xls.do?mobileAt=v
보람쉬움1,양천구,5.05,5.35,5.4,전용 58~58㎡,2026-03-28,국토부 실거래 3건 · 10~90백분위,molit_csv,3,2026-03-28,https://rt.molit.go.kr/pt/xls/xls.do?mobileAt=v
대성유니드1차,양천구,5.8,5.9,6.2,전용 60~60㎡,2026-06-23,국토부 실거래 9건 · 10~90백분위,molit_csv,9,2026-06-23,https://rt.molit.go.kr/pt/xls/xls.do?mobileAt=v
푸른마을3,양천구,6.0,6.41,6.98,전용 60~60㎡,2026-07-04,국토부 실거래 10건 · 10~90백분위,molit_csv,10,2026-07-04,https://rt.molit.go.kr/pt/xls/xls.do?mobileAt=v
이펜하우스4단지,양천구,6.5,6.55,6.6,전용 60~60㎡,2026-04-18,국토부 실거래 3건 · 10~90백분위,molit_csv,3,2026-04-18,https://rt.molit.go.kr/pt/xls/xls.do?mobileAt=v
푸른마을2,양천구,6.0,6.58,7.0,전용 60~60㎡,2026-07-07,국토부 실거래 9건 · 10~90백분위,molit_csv,9,2026-07-07,https://rt.molit.go.kr/pt/xls/xls.do?mobileAt=v
벽산블루밍1단지,양천구,6.45,6.7,6.8,전용 60~60㎡,2026-05-20,국토부 실거래 7건 · 10~90백분위,molit_csv,7,2026-05-20,https://rt.molit.go.kr/pt/xls/xls.do?mobileAt=v
이펜하우스3단지,양천구,6.7,6.8,7.0,전용 60~60㎡,2026-04-13,국토부 실거래 3건 · 10~90백분위,molit_csv,3,2026-04-13,https://rt.molit.go.kr/pt/xls/xls.do?mobileAt=v
벽산블루밍2단지,양천구,6.75,6.9,7.2,전용 60~60㎡,2026-05-09,국토부 실거래 5건 · 10~90백분위,molit_csv,5,2026-05-09,https://rt.molit.go.kr/pt/xls/xls.do?mobileAt=v
신정6현대,양천구,6.67,6.93,7.35,전용 59~59㎡,2026-06-01,국토부 실거래 5건 · 10~90백분위,molit_csv,5,2026-06-01,https://rt.molit.go.kr/pt/xls/xls.do?mobileAt=v
롯데캐슬(1057-0),양천구,6.8,6.98,7.1,전용 60~60㎡,2026-02-07,국토부 실거래 3건 · 10~90백분위,molit_csv,3,2026-02-07,https://rt.molit.go.kr/pt/xls/xls.do?mobileAt=v
성원2,양천구,6.1,7.2,7.9,전용 60~60㎡,2026-06-16,국토부 실거래 10건 · 10~90백분위,molit_csv,10,2026-06-16,https://rt.molit.go.kr/pt/xls/xls.do?mobileAt=v
신월시영,양천구,7.0,7.35,8.4,전용 51~59㎡,2026-07-01,국토부 실거래 14건 · 10~90백분위,molit_csv,14,2026-07-01,https://rt.molit.go.kr/pt/xls/xls.do?mobileAt=v
목동우성3,양천구,7.0,7.4,7.55,전용 60~60㎡,2026-06-22,국토부 실거래 6건 · 10~90백분위,molit_csv,6,2026-06-22,https://rt.molit.go.kr/pt/xls/xls.do?mobileAt=v
학마을1단지,양천구,6.97,7.75,7.85,전용 60~60㎡,2026-05-30,국토부 실거래 3건 · 10~90백분위,molit_csv,3,2026-05-30,https://rt.molit.go.kr/pt/xls/xls.do?mobileAt=v
신트리4,양천구,7.1,8.0,8.5,전용 60~60㎡,2026-06-29,국토부 실거래 21건 · 10~90백분위,molit_csv,21,2026-06-29,https://rt.molit.go.kr/pt/xls/xls.do?mobileAt=v
목동센트럴아이파크위브2단지,양천구,7.35,8.82,9.45,전용 53~60㎡,2026-04-11,국토부 실거래 6건 · 10~90백분위,molit_csv,6,2026-04-11,https://rt.molit.go.kr/pt/xls/xls.do?mobileAt=v
신목동파라곤,양천구,8.46,8.95,9.13,전용 60~60㎡,2026-07-07,국토부 실거래 8건 · 10~90백분위,molit_csv,8,2026-07-07,https://rt.molit.go.kr/pt/xls/xls.do?mobileAt=v
신트리1,양천구,7.5,9.0,9.7,전용 59~60㎡,2026-04-26,국토부 실거래 11건 · 10~90백분위,molit_csv,11,2026-04-26,https://rt.molit.go.kr/pt/xls/xls.do?mobileAt=v
목동센트럴아이파크위브3단지,양천구,9.2,9.5,9.73,전용 53~53㎡,2026-04-26,국토부 실거래 5건 · 10~90백분위,molit_csv,5,2026-04-26,https://rt.molit.go.kr/pt/xls/xls.do?mobileAt=v
롯데캐슬,양천구,9.7,9.85,9.9,전용 60~60㎡,2026-04-28,국토부 실거래 3건 · 10~90백분위,molit_csv,3,2026-04-28,https://rt.molit.go.kr/pt/xls/xls.do?mobileAt=v
신동아,영등포구,4.5,5.0,5.2,전용 51~53㎡,2026-05-29,국토부 실거래 15건 · 10~90백분위,molit_csv,15,2026-05-29,https://rt.molit.go.kr/pt/xls/xls.do?mobileAt=v
한신휴1차,영등포구,5.8,5.9,6.17,전용 60~60㎡,2026-05-25,국토부 실거래 5건 · 10~90백분위,molit_csv,5,2026-05-25,https://rt.molit.go.kr/pt/xls/xls.do?mobileAt=v
현대프라자,영등포구,5.5,5.98,6.25,전용 60~60㎡,2026-06-18,국토부 실거래 3건 · 10~90백분위,molit_csv,3,2026-06-18,https://rt.molit.go.kr/pt/xls/xls.do?mobileAt=v
상록수,영등포구,5.85,6.0,6.25,전용 60~60㎡,2026-02-28,국토부 실거래 5건 · 10~90백분위,molit_csv,5,2026-02-28,https://rt.molit.go.kr/pt/xls/xls.do?mobileAt=v
우성1,영등포구,5.6,6.0,6.2,전용 52~52㎡,2026-04-25,국토부 실거래 11건 · 10~90백분위,molit_csv,11,2026-04-25,https://rt.molit.go.kr/pt/xls/xls.do?mobileAt=v
신기목련아파트,영등포구,5.75,6.1,6.7,전용 59~59㎡,2026-06-10,국토부 실거래 5건 · 10~90백분위,molit_csv,5,2026-06-10,https://rt.molit.go.kr/pt/xls/xls.do?mobileAt=v
대림현대,영등포구,6.0,6.77,6.8,전용 60~60㎡,2026-06-13,국토부 실거래 5건 · 10~90백분위,molit_csv,5,2026-06-13,https://rt.molit.go.kr/pt/xls/xls.do?mobileAt=v
성원(650),영등포구,6.49,6.8,7.01,전용 60~60㎡,2026-05-03,국토부 실거래 7건 · 10~90백분위,molit_csv,7,2026-05-03,https://rt.molit.go.kr/pt/xls/xls.do?mobileAt=v
삼환,영등포구,6.82,7.45,9.01,전용 60~60㎡,2026-06-01,국토부 실거래 5건 · 10~90백분위,molit_csv,5,2026-06-01,https://rt.molit.go.kr/pt/xls/xls.do?mobileAt=v
한솔,영등포구,7.5,7.78,8.5,전용 59~59㎡,2026-05-09,국토부 실거래 4건 · 10~90백분위,molit_csv,4,2026-05-09,https://rt.molit.go.kr/pt/xls/xls.do?mobileAt=v
오목교벽산블루밍,영등포구,6.5,7.8,7.9,전용 60~60㎡,2026-06-01,국토부 실거래 4건 · 10~90백분위,molit_csv,4,2026-06-01,https://rt.molit.go.kr/pt/xls/xls.do?mobileAt=v
문래대림,영등포구,7.52,7.85,7.9,전용 60~60㎡,2026-03-19,국토부 실거래 4건 · 10~90백분위,molit_csv,4,2026-03-19,https://rt.molit.go.kr/pt/xls/xls.do?mobileAt=v
경남아너스빌,영등포구,7.4,8.05,8.4,전용 60~60㎡,2026-06-03,국토부 실거래 8건 · 10~90백분위,molit_csv,8,2026-06-03,https://rt.molit.go.kr/pt/xls/xls.do?mobileAt=v
대원,영등포구,5.0,8.05,9.2,전용 58~60㎡,2026-06-15,국토부 실거래 4건 · 10~90백분위,molit_csv,4,2026-06-15,https://rt.molit.go.kr/pt/xls/xls.do?mobileAt=v
문래미원,영등포구,7.04,8.3,9.0,전용 59~59㎡,2026-04-28,국토부 실거래 5건 · 10~90백분위,molit_csv,5,2026-04-28,https://rt.molit.go.kr/pt/xls/xls.do?mobileAt=v
한신공영,영등포구,8.5,8.57,9.47,전용 60~60㎡,2026-06-01,국토부 실거래 4건 · 10~90백분위,molit_csv,4,2026-06-01,https://rt.molit.go.kr/pt/xls/xls.do?mobileAt=v
양평벽산블루밍,영등포구,8.6,9.0,9.9,전용 51~60㎡,2026-06-18,국토부 실거래 13건 · 10~90백분위,molit_csv,13,2026-06-18,https://rt.molit.go.kr/pt/xls/xls.do?mobileAt=v
삼호,영등포구,8.6,9.1,9.5,전용 60~60㎡,2026-06-20,국토부 실거래 3건 · 10~90백분위,molit_csv,3,2026-06-20,https://rt.molit.go.kr/pt/xls/xls.do?mobileAt=v
동양,영등포구,8.15,9.2,9.5,전용 60~60㎡,2026-04-04,국토부 실거래 7건 · 10~90백분위,molit_csv,7,2026-04-04,https://rt.molit.go.kr/pt/xls/xls.do?mobileAt=v
코오롱,영등포구,6.27,9.3,10.0,전용 60~60㎡,2026-05-21,국토부 실거래 5건 · 10~90백분위,molit_csv,5,2026-05-21,https://rt.molit.go.kr/pt/xls/xls.do?mobileAt=v
현대2차,영등포구,8.75,9.4,9.67,전용 60~60㎡,2026-04-28,국토부 실거래 3건 · 10~90백분위,molit_csv,3,2026-04-28,https://rt.molit.go.kr/pt/xls/xls.do?mobileAt=v
양평역미소지움,영등포구,9.5,9.6,9.9,전용 59~59㎡,2026-04-20,국토부 실거래 5건 · 10~90백분위,molit_csv,5,2026-04-20,https://rt.molit.go.kr/pt/xls/xls.do?mobileAt=v
문래동삼환,영등포구,9.65,9.78,10.0,전용 60~60㎡,2026-04-23,국토부 실거래 3건 · 10~90백분위,molit_csv,3,2026-04-23,https://rt.molit.go.kr/pt/xls/xls.do?mobileAt=v
남성,영등포구,9.0,9.82,9.93,전용 59~59㎡,2026-03-13,국토부 실거래 4건 · 10~90백분위,molit_csv,4,2026-03-13,https://rt.molit.go.kr/pt/xls/xls.do?mobileAt=v
경남,영등포구,9.4,9.85,10.0,전용 60~60㎡,2026-05-29,국토부 실거래 6건 · 10~90백분위,molit_csv,6,2026-05-29,https://rt.molit.go.kr/pt/xls/xls.do?mobileAt=v
삼성래미안,영등포구,9.2,9.9,10.0,전용 59~59㎡,2026-03-03,국토부 실거래 3건 · 10~90백분위,molit_csv,3,2026-03-03,https://rt.molit.go.kr/pt/xls/xls.do?mobileAt=v
용산동아파트,용산구,4.5,6.3,6.7,전용 51~51㎡,2026-05-29,국토부 실거래 4건 · 10~90백분위,molit_csv,4,2026-05-29,https://rt.molit.go.kr/pt/xls/xls.do?mobileAt=v
신사씨티,은평구,3.88,4.33,4.45,전용 58~58㎡,2026-06-29,국토부 실거래 4건 · 10~90백분위,molit_csv,4,2026-06-29,https://rt.molit.go.kr/pt/xls/xls.do?mobileAt=v
명남더블레스,은평구,4.4,4.5,4.9,전용 51~51㎡,2026-05-28,국토부 실거래 7건 · 10~90백분위,molit_csv,7,2026-05-28,https://rt.molit.go.kr/pt/xls/xls.do?mobileAt=v
신동아,은평구,4.28,4.5,4.69,전용 53~53㎡,2026-06-12,국토부 실거래 8건 · 10~90백분위,molit_csv,8,2026-06-12,https://rt.molit.go.kr/pt/xls/xls.do?mobileAt=v
갈현현대,은평구,4.58,4.69,4.84,전용 60~60㎡,2026-07-05,국토부 실거래 6건 · 10~90백분위,molit_csv,6,2026-07-05,https://rt.molit.go.kr/pt/xls/xls.do?mobileAt=v
승윤노블리안,은평구,4.8,4.85,4.9,전용 58~58㎡,2026-04-02,국토부 실거래 3건 · 10~90백분위,molit_csv,3,2026-04-02,https://rt.molit.go.kr/pt/xls/xls.do?mobileAt=v
삼흥리치,은평구,5.1,5.18,5.37,전용 56~59㎡,2026-06-22,국토부 실거래 5건 · 10~90백분위,molit_csv,5,2026-06-22,https://rt.molit.go.kr/pt/xls/xls.do?mobileAt=v
갈현동현대,은평구,4.87,5.23,5.44,전용 59~59㎡,2026-06-27,국토부 실거래 10건 · 10~90백분위,molit_csv,10,2026-06-27,https://rt.molit.go.kr/pt/xls/xls.do?mobileAt=v
대주파크빌,은평구,5.5,5.5,5.6,전용 60~60㎡,2026-06-29,국토부 실거래 3건 · 10~90백분위,molit_csv,3,2026-06-29,https://rt.molit.go.kr/pt/xls/xls.do?mobileAt=v
이랜드타운아파트,은평구,5.0,5.5,5.7,전용 60~60㎡,2026-06-04,국토부 실거래 5건 · 10~90백분위,molit_csv,5,2026-06-04,https://rt.molit.go.kr/pt/xls/xls.do?mobileAt=v
펠리시티,은평구,5.5,5.75,5.75,전용 56~56㎡,2026-06-04,국토부 실거래 3건 · 10~90백분위,molit_csv,3,2026-06-04,https://rt.molit.go.kr/pt/xls/xls.do?mobileAt=v
북한산한양수자인아파트,은평구,5.8,6.0,6.0,전용 60~60㎡,2026-06-15,국토부 실거래 6건 · 10~90백분위,molit_csv,6,2026-06-15,https://rt.molit.go.kr/pt/xls/xls.do?mobileAt=v
삼성타운,은평구,6.0,6.35,6.7,전용 59~59㎡,2026-06-27,국토부 실거래 11건 · 10~90백분위,molit_csv,11,2026-06-27,https://rt.molit.go.kr/pt/xls/xls.do?mobileAt=v
DMC 진흥,은평구,6.3,6.47,7.15,전용 58~58㎡,2026-06-19,국토부 실거래 4건 · 10~90백분위,molit_csv,4,2026-06-19,https://rt.molit.go.kr/pt/xls/xls.do?mobileAt=v
응암동금호,은평구,6.0,6.65,6.8,전용 60~60㎡,2026-05-21,국토부 실거래 5건 · 10~90백분위,molit_csv,5,2026-05-21,https://rt.molit.go.kr/pt/xls/xls.do?mobileAt=v
e편한세상 수색 에코포레,은평구,6.4,6.75,7.2,전용 60~60㎡,2026-04-06,국토부 실거래 14건 · 10~90백분위,molit_csv,14,2026-04-06,https://rt.molit.go.kr/pt/xls/xls.do?mobileAt=v
상림마을6단지푸르지오(622~629동)BL1-5,은평구,6.5,6.8,7.0,전용 60~60㎡,2026-06-20,국토부 실거래 4건 · 10~90백분위,molit_csv,4,2026-06-20,https://rt.molit.go.kr/pt/xls/xls.do?mobileAt=v
녹번JR아파트,은평구,6.37,6.85,7.15,전용 60~60㎡,2026-07-08,국토부 실거래 11건 · 10~90백분위,molit_csv,11,2026-07-08,https://rt.molit.go.kr/pt/xls/xls.do?mobileAt=v
은평뉴타운기자촌11단지,은평구,5.5,7.1,7.55,전용 60~60㎡,2026-05-07,국토부 실거래 3건 · 10~90백분위,molit_csv,3,2026-05-07,https://rt.molit.go.kr/pt/xls/xls.do?mobileAt=v
은평뉴타운엘크루,은평구,7.0,7.3,7.47,전용 60~60㎡,2026-07-04,국토부 실거래 9건 · 10~90백분위,molit_csv,9,2026-07-04,https://rt.molit.go.kr/pt/xls/xls.do?mobileAt=v
은평뉴타운꿈에그린,은평구,7.35,7.47,7.67,전용 60~60㎡,2026-06-13,국토부 실거래 9건 · 10~90백분위,molit_csv,9,2026-06-13,https://rt.molit.go.kr/pt/xls/xls.do?mobileAt=v
상림마을8단지롯데캐슬(801~809동)BL1-2,은평구,7.3,7.48,7.75,전용 59~59㎡,2026-06-14,국토부 실거래 5건 · 10~90백분위,molit_csv,5,2026-06-14,https://rt.molit.go.kr/pt/xls/xls.do?mobileAt=v
응암역효성해링턴플레이스,은평구,6.9,7.6,7.75,전용 60~60㎡,2026-05-07,국토부 실거래 5건 · 10~90백분위,molit_csv,5,2026-05-07,https://rt.molit.go.kr/pt/xls/xls.do?mobileAt=v
백련산힐스테이트1차,은평구,7.18,7.68,8.35,전용 60~60㎡,2026-06-16,국토부 실거래 22건 · 10~90백분위,molit_csv,22,2026-06-16,https://rt.molit.go.kr/pt/xls/xls.do?mobileAt=v
우물골2단지두산위브(204~208동)BL2-5,은평구,7.5,7.8,8.0,전용 59~60㎡,2026-04-15,국토부 실거래 5건 · 10~90백분위,molit_csv,5,2026-04-15,https://rt.molit.go.kr/pt/xls/xls.do?mobileAt=v
마고정3단지센트레빌(310~322동)BL2-3,은평구,7.65,8.0,8.15,전용 59~60㎡,2026-03-07,국토부 실거래 3건 · 10~90백분위,molit_csv,3,2026-03-07,https://rt.molit.go.kr/pt/xls/xls.do?mobileAt=v
백련산힐스테이트3차,은평구,7.9,8.02,8.37,전용 60~60㎡,2026-06-11,국토부 실거래 8건 · 10~90백분위,molit_csv,8,2026-06-11,https://rt.molit.go.kr/pt/xls/xls.do?mobileAt=v
백련산힐스테이트2차,은평구,7.6,8.18,8.5,전용 60~60㎡,2026-06-30,국토부 실거래 16건 · 10~90백분위,molit_csv,16,2026-06-30,https://rt.molit.go.kr/pt/xls/xls.do?mobileAt=v
e편한세상백련산,은평구,8.0,8.2,8.8,전용 60~60㎡,2026-06-06,국토부 실거래 8건 · 10~90백분위,molit_csv,8,2026-06-06,https://rt.molit.go.kr/pt/xls/xls.do?mobileAt=v
북한산래미안아파트(1단지),은평구,8.0,8.43,8.5,전용 60~60㎡,2026-04-14,국토부 실거래 7건 · 10~90백분위,molit_csv,7,2026-04-14,https://rt.molit.go.kr/pt/xls/xls.do?mobileAt=v
백련산해모로,은평구,8.08,8.5,8.98,전용 51~60㎡,2026-06-19,국토부 실거래 14건 · 10~90백분위,molit_csv,14,2026-06-19,https://rt.molit.go.kr/pt/xls/xls.do?mobileAt=v
북한산힐스테이트1차아파트,은평구,8.17,8.5,8.8,전용 60~60㎡,2026-06-17,국토부 실거래 13건 · 10~90백분위,molit_csv,13,2026-06-17,https://rt.molit.go.kr/pt/xls/xls.do?mobileAt=v
북한산래미안아파트(2단지),은평구,8.2,8.55,9.5,전용 60~60㎡,2026-06-16,국토부 실거래 8건 · 10~90백분위,molit_csv,8,2026-06-16,https://rt.molit.go.kr/pt/xls/xls.do?mobileAt=v
북한산현대힐스테이트3차아파트,은평구,7.8,8.55,9.25,전용 60~60㎡,2026-06-27,국토부 실거래 25건 · 10~90백분위,molit_csv,25,2026-06-27,https://rt.molit.go.kr/pt/xls/xls.do?mobileAt=v
DMC우방,은평구,8.0,8.69,9.5,전용 60~60㎡,2026-05-16,국토부 실거래 10건 · 10~90백분위,molit_csv,10,2026-05-16,https://rt.molit.go.kr/pt/xls/xls.do?mobileAt=v
청구,은평구,8.4,8.72,8.9,전용 60~60㎡,2026-06-18,국토부 실거래 8건 · 10~90백분위,molit_csv,8,2026-06-18,https://rt.molit.go.kr/pt/xls/xls.do?mobileAt=v
백련산파크자이,은평구,8.71,9.0,9.29,전용 60~60㎡,2026-05-23,국토부 실거래 21건 · 10~90백분위,molit_csv,21,2026-05-23,https://rt.molit.go.kr/pt/xls/xls.do?mobileAt=v
북한산현대홈타운,은평구,8.4,9.05,9.5,전용 60~60㎡,2026-07-04,국토부 실거래 6건 · 10~90백분위,molit_csv,6,2026-07-04,https://rt.molit.go.kr/pt/xls/xls.do?mobileAt=v
박석고개1단지힐스테이트(101~111동)BL2-12,은평구,8.8,9.07,9.1,전용 60~60㎡,2026-06-13,국토부 실거래 4건 · 10~90백분위,molit_csv,4,2026-06-13,https://rt.molit.go.kr/pt/xls/xls.do?mobileAt=v
백련산힐스테이트4차,은평구,8.5,9.1,9.7,전용 60~60㎡,2026-07-05,국토부 실거래 15건 · 10~90백분위,molit_csv,15,2026-07-05,https://rt.molit.go.kr/pt/xls/xls.do?mobileAt=v
박석고개1단지힐스테이트(116~131동)BL2-1,은평구,9.1,9.3,9.8,전용 60~60㎡,2026-06-19,국토부 실거래 9건 · 10~90백분위,molit_csv,9,2026-06-19,https://rt.molit.go.kr/pt/xls/xls.do?mobileAt=v
백련산에스케이뷰아이파크,은평구,9.5,9.8,10.0,전용 60~60㎡,2026-04-03,국토부 실거래 13건 · 10~90백분위,molit_csv,13,2026-04-03,https://rt.molit.go.kr/pt/xls/xls.do?mobileAt=v
불광롯데캐슬,은평구,9.5,9.8,9.9,전용 60~60㎡,2026-04-01,국토부 실거래 10건 · 10~90백분위,molit_csv,10,2026-04-01,https://rt.molit.go.kr/pt/xls/xls.do?mobileAt=v
창신쌍용2,종로구,6.38,6.85,7.45,전용 55~55㎡,2026-05-23,국토부 실거래 12건 · 10~90백분위,molit_csv,12,2026-05-23,https://rt.molit.go.kr/pt/xls/xls.do?mobileAt=v
창신쌍용1,종로구,7.17,7.62,7.75,전용 55~55㎡,2026-05-30,국토부 실거래 6건 · 10~90백분위,molit_csv,6,2026-05-30,https://rt.molit.go.kr/pt/xls/xls.do?mobileAt=v
두산,종로구,6.2,9.0,9.18,전용 60~60㎡,2026-06-22,국토부 실거래 15건 · 10~90백분위,molit_csv,15,2026-06-22,https://rt.molit.go.kr/pt/xls/xls.do?mobileAt=v
종로청계힐스테이트,종로구,8.5,9.49,9.6,전용 60~60㎡,2026-07-04,국토부 실거래 4건 · 10~90백분위,molit_csv,4,2026-07-04,https://rt.molit.go.kr/pt/xls/xls.do?mobileAt=v
묵정,중구,4.45,5.0,5.73,전용 52~52㎡,2026-06-05,국토부 실거래 5건 · 10~90백분위,molit_csv,5,2026-06-05,https://rt.molit.go.kr/pt/xls/xls.do?mobileAt=v
신당블루카운티,중구,6.0,6.05,6.45,전용 60~60㎡,2026-04-22,국토부 실거래 4건 · 10~90백분위,molit_csv,4,2026-04-22,https://rt.molit.go.kr/pt/xls/xls.do?mobileAt=v
롯데캐슬,중구,9.13,9.75,9.97,전용 60~60㎡,2026-05-06,국토부 실거래 22건 · 10~90백분위,molit_csv,22,2026-05-06,https://rt.molit.go.kr/pt/xls/xls.do?mobileAt=v
경남,중랑구,3.7,3.86,4.5,전용 53~60㎡,2026-06-16,국토부 실거래 7건 · 10~90백분위,molit_csv,7,2026-06-16,https://rt.molit.go.kr/pt/xls/xls.do?mobileAt=v
라이프미성,중랑구,4.08,4.15,4.2,전용 59~60㎡,2026-07-02,국토부 실거래 7건 · 10~90백분위,molit_csv,7,2026-07-02,https://rt.molit.go.kr/pt/xls/xls.do?mobileAt=v
신도브래뉴,중랑구,4.5,4.7,4.95,전용 52~52㎡,2026-06-23,국토부 실거래 4건 · 10~90백분위,molit_csv,4,2026-06-23,https://rt.molit.go.kr/pt/xls/xls.do?mobileAt=v
신원,중랑구,4.2,4.82,5.0,전용 60~60㎡,2026-06-23,국토부 실거래 4건 · 10~90백분위,molit_csv,4,2026-06-23,https://rt.molit.go.kr/pt/xls/xls.do?mobileAt=v
석탑,중랑구,4.7,4.85,5.0,전용 60~60㎡,2026-06-02,국토부 실거래 6건 · 10~90백분위,molit_csv,6,2026-06-02,https://rt.molit.go.kr/pt/xls/xls.do?mobileAt=v
벽산,중랑구,4.6,4.9,5.1,전용 60~60㎡,2026-06-20,국토부 실거래 10건 · 10~90백분위,molit_csv,10,2026-06-20,https://rt.molit.go.kr/pt/xls/xls.do?mobileAt=v
동성3,중랑구,5.0,5.2,5.4,전용 59~59㎡,2026-05-28,국토부 실거래 10건 · 10~90백분위,molit_csv,10,2026-05-28,https://rt.molit.go.kr/pt/xls/xls.do?mobileAt=v
동성1,중랑구,5.1,5.3,5.78,전용 59~59㎡,2026-06-13,국토부 실거래 11건 · 10~90백분위,molit_csv,11,2026-06-13,https://rt.molit.go.kr/pt/xls/xls.do?mobileAt=v
동성7,중랑구,5.0,5.3,5.8,전용 59~59㎡,2026-06-29,국토부 실거래 9건 · 10~90백분위,molit_csv,9,2026-06-29,https://rt.molit.go.kr/pt/xls/xls.do?mobileAt=v
동성아파트,중랑구,4.87,5.35,5.48,전용 59~59㎡,2026-06-23,국토부 실거래 6건 · 10~90백분위,molit_csv,6,2026-06-23,https://rt.molit.go.kr/pt/xls/xls.do?mobileAt=v
새한,중랑구,5.07,5.5,5.9,전용 60~60㎡,2026-07-01,국토부 실거래 5건 · 10~90백분위,molit_csv,5,2026-07-01,https://rt.molit.go.kr/pt/xls/xls.do?mobileAt=v
신내11대명,중랑구,5.2,5.5,5.6,전용 60~60㎡,2026-06-25,국토부 실거래 11건 · 10~90백분위,molit_csv,11,2026-06-25,https://rt.molit.go.kr/pt/xls/xls.do?mobileAt=v
신성,중랑구,5.4,5.5,5.6,전용 60~60㎡,2026-04-16,국토부 실거래 7건 · 10~90백분위,molit_csv,7,2026-04-16,https://rt.molit.go.kr/pt/xls/xls.do?mobileAt=v
한국,중랑구,3.8,5.62,5.7,전용 60~60㎡,2026-05-26,국토부 실거래 6건 · 10~90백분위,molit_csv,6,2026-05-26,https://rt.molit.go.kr/pt/xls/xls.do?mobileAt=v
신안2,중랑구,5.05,5.67,5.99,전용 60~60㎡,2026-07-01,국토부 실거래 4건 · 10~90백분위,molit_csv,4,2026-07-01,https://rt.molit.go.kr/pt/xls/xls.do?mobileAt=v
신안3,중랑구,5.2,5.67,5.77,전용 60~60㎡,2026-04-11,국토부 실거래 3건 · 10~90백분위,molit_csv,3,2026-04-11,https://rt.molit.go.kr/pt/xls/xls.do?mobileAt=v
동부아파트,중랑구,5.38,5.72,6.3,전용 54~54㎡,2026-06-29,국토부 실거래 12건 · 10~90백분위,molit_csv,12,2026-06-29,https://rt.molit.go.kr/pt/xls/xls.do?mobileAt=v
면목한신,중랑구,5.68,5.77,6.6,전용 58~58㎡,2026-06-06,국토부 실거래 5건 · 10~90백분위,molit_csv,5,2026-06-06,https://rt.molit.go.kr/pt/xls/xls.do?mobileAt=v
신내,중랑구,5.35,5.78,6.0,전용 60~60㎡,2026-06-01,국토부 실거래 14건 · 10~90백분위,molit_csv,14,2026-06-01,https://rt.molit.go.kr/pt/xls/xls.do?mobileAt=v
신안1,중랑구,5.6,5.8,5.9,전용 60~60㎡,2026-04-25,국토부 실거래 7건 · 10~90백분위,molit_csv,7,2026-04-25,https://rt.molit.go.kr/pt/xls/xls.do?mobileAt=v
용마한신,중랑구,5.4,5.88,5.99,전용 59~59㎡,2026-04-17,국토부 실거래 6건 · 10~90백분위,molit_csv,6,2026-04-17,https://rt.molit.go.kr/pt/xls/xls.do?mobileAt=v
아스테르아파트,중랑구,5.85,5.9,5.99,전용 51~56㎡,2026-05-14,국토부 실거래 5건 · 10~90백분위,molit_csv,5,2026-05-14,https://rt.molit.go.kr/pt/xls/xls.do?mobileAt=v
포르투나,중랑구,5.9,5.93,5.97,전용 52~52㎡,2026-06-29,국토부 실거래 10건 · 10~90백분위,molit_csv,10,2026-06-29,https://rt.molit.go.kr/pt/xls/xls.do?mobileAt=v
성원상떼빌,중랑구,5.7,5.95,6.25,전용 60~60㎡,2026-05-30,국토부 실거래 4건 · 10~90백분위,molit_csv,4,2026-05-30,https://rt.molit.go.kr/pt/xls/xls.do?mobileAt=v
금호어울림(580),중랑구,5.85,5.98,6.0,전용 60~60㎡,2026-05-27,국토부 실거래 7건 · 10~90백분위,molit_csv,7,2026-05-27,https://rt.molit.go.kr/pt/xls/xls.do?mobileAt=v
면목삼익아파트,중랑구,5.9,6.0,6.3,전용 60~60㎡,2026-06-27,국토부 실거래 7건 · 10~90백분위,molit_csv,7,2026-06-27,https://rt.molit.go.kr/pt/xls/xls.do?mobileAt=v
두산6,중랑구,5.8,6.07,6.25,전용 60~60㎡,2026-06-26,국토부 실거래 5건 · 10~90백분위,molit_csv,5,2026-06-26,https://rt.molit.go.kr/pt/xls/xls.do?mobileAt=v
두산1,중랑구,6.0,6.24,6.3,전용 60~60㎡,2026-05-14,국토부 실거래 4건 · 10~90백분위,molit_csv,4,2026-05-14,https://rt.molit.go.kr/pt/xls/xls.do?mobileAt=v
신내6대주,중랑구,5.95,6.29,6.6,전용 60~60㎡,2026-06-26,국토부 실거래 26건 · 10~90백분위,molit_csv,26,2026-06-26,https://rt.molit.go.kr/pt/xls/xls.do?mobileAt=v
건영2차,중랑구,5.96,6.34,6.75,전용 57~57㎡,2026-07-07,국토부 실거래 8건 · 10~90백분위,molit_csv,8,2026-07-07,https://rt.molit.go.kr/pt/xls/xls.do?mobileAt=v
두산5,중랑구,6.5,6.94,7.0,전용 60~60㎡,2026-05-12,국토부 실거래 6건 · 10~90백분위,molit_csv,6,2026-05-12,https://rt.molit.go.kr/pt/xls/xls.do?mobileAt=v
데시앙,중랑구,6.9,7.08,7.2,전용 60~60㎡,2026-05-02,국토부 실거래 5건 · 10~90백분위,molit_csv,5,2026-05-02,https://rt.molit.go.kr/pt/xls/xls.do?mobileAt=v
늘푸른동아,중랑구,6.7,7.18,7.4,전용 60~60㎡,2026-06-26,국토부 실거래 4건 · 10~90백분위,molit_csv,4,2026-06-26,https://rt.molit.go.kr/pt/xls/xls.do?mobileAt=v
태영데시앙1,중랑구,7.0,7.2,7.28,전용 60~60㎡,2026-04-04,국토부 실거래 3건 · 10~90백분위,molit_csv,3,2026-04-04,https://rt.molit.go.kr/pt/xls/xls.do?mobileAt=v
브라운스톤태릉,중랑구,7.05,7.38,7.4,전용 59~59㎡,2026-06-03,국토부 실거래 6건 · 10~90백분위,molit_csv,6,2026-06-03,https://rt.molit.go.kr/pt/xls/xls.do?mobileAt=v
경남아너스빌,중랑구,6.5,7.43,7.65,전용 60~60㎡,2026-04-28,국토부 실거래 6건 · 10~90백분위,molit_csv,6,2026-04-28,https://rt.molit.go.kr/pt/xls/xls.do?mobileAt=v
우정아파트,중랑구,7.9,7.97,8.2,전용 57~57㎡,2026-06-10,국토부 실거래 4건 · 10~90백분위,molit_csv,4,2026-06-10,https://rt.molit.go.kr/pt/xls/xls.do?mobileAt=v
한신아파트상가동유치원동(103~109),중랑구,7.0,8.2,8.55,전용 50~60㎡,2026-07-04,국토부 실거래 40건 · 10~90백분위,molit_csv,40,2026-07-04,https://rt.molit.go.kr/pt/xls/xls.do?mobileAt=v
이편한세상화랑대,중랑구,8.9,9.18,9.25,전용 60~60㎡,2026-05-14,국토부 실거래 6건 · 10~90백분위,molit_csv,6,2026-05-14,https://rt.molit.go.kr/pt/xls/xls.do?mobileAt=v
한양수자인사가정파크,중랑구,8.1,9.5,9.85,전용 60~60㎡,2026-05-16,국토부 실거래 5건 · 10~90백분위,molit_csv,5,2026-05-16,https://rt.molit.go.kr/pt/xls/xls.do?mobileAt=v
쌍용더플래티넘용마산,중랑구,9.2,9.69,9.7,전용 60~60㎡,2026-05-15,국토부 실거래 10건 · 10~90백분위,molit_csv,10,2026-05-15,https://rt.molit.go.kr/pt/xls/xls.do?mobileAt=v
라온프라이빗,중랑구,9.45,9.75,9.9,전용 60~60㎡,2026-05-22,국토부 실거래 7건 · 10~90백분위,molit_csv,7,2026-05-22,https://rt.molit.go.kr/pt/xls/xls.do?mobileAt=v
