시도,자치구,시군구,법정동,지번,법정동코드,주소,대표단지명,단지명_공시가격,단지명_건축물대장,단지명_도로명주소,별칭,단지종류명,세대수,상태,입주예정월,최근분양권거래일,출처
서울특별시,강남구,,개포동,660-1,11680,,디에이치 퍼스티어 아이파크,디에이치 퍼스티어 아이파크,,,,아파트,,분양권,,2026-06-27,국토교통부 분양권/입주권 실거래
서울특별시,강남구,,대치동,964,11680,,디에이치 대치 에델루이,디에이치 대치 에델루이,,,,아파트,,분양권,,2025-07-14,국토교통부 분양권/입주권 실거래
서울특별시,강남구,,도곡동,540,11680,서울특별시 강남구 도곡동 540번지 일대(도곡삼호아파트 재건축정비사업조합),래미안 레벤투스,래미안 레벤투스,,,,아파트,,분양권,2026-10,2026-06-25,국토교통부 분양권/입주권 실거래|청약홈 APT 분양정보
서울특별시,강남구,,삼성동,79,11680,,아크로삼성,아크로삼성,,,,아파트,,분양권,,2025-07-26,국토교통부 분양권/입주권 실거래
서울특별시,강남구,,청담동,134-18,11680,,청담 르엘,청담 르엘,,,,아파트,,분양권,,2026-05-18,국토교통부 분양권/입주권 실거래
서울특별시,강동구,,길동,336-1,11740,서울특별시 강동구 길동 336-1번지,디 아테온(THE ATHEON),디 아테온(THE ATHEON),,,,아파트,,입주예정,2026-07,,청약홈 APT 분양정보
서울특별시,강동구,,둔촌동,489,11740,서울특별시 강동구 둔촌동 489번지,올림픽파크 서한포레스트,올림픽파크 서한포레스트,,,,아파트,,분양권,2027-12,2026-02-26,국토교통부 분양권/입주권 실거래|청약홈 APT 분양정보
서울특별시,강동구,,둔촌동,633,11740,,올림픽파크포레온,올림픽파크포레온,,,올파포|둔촌주공,아파트,12032,분양권,,2026-01-15,국토교통부 분양권/입주권 실거래|기존 보강
서울특별시,강동구,,상일동,43,11740,서울특별시 강동구 상일동 43번지 일원(서울고덕강일 공공주택지구 12블럭),고덕강일 대성베르힐,고덕강일 대성베르힐,,,,아파트,,입주예정,2027-10,,청약홈 APT 분양정보
서울특별시,강동구,,성내동,611,11740,,그란츠리버파크,그란츠리버파크,,,,아파트,,분양권,,2026-02-07,국토교통부 분양권/입주권 실거래
서울특별시,강동구,,성내동,459-3,11740,,에스아이팰리스올림픽공원아파트,에스아이팰리스올림픽공원아파트,,,,아파트,,분양권,,2025-09-28,국토교통부 분양권/입주권 실거래
서울특별시,강동구,,천호동,423-76,11740,,e편한세상 강동 프레스티지원,e편한세상 강동 프레스티지원,,,,아파트,,분양권,,2025-10-15,국토교통부 분양권/입주권 실거래
서울특별시,강동구,,천호동,410-100,11740,,더샵 강동센트럴시티,더샵 강동센트럴시티,,,,아파트,,분양권,,2026-05-04,국토교통부 분양권/입주권 실거래
서울특별시,강동구,,천호동,356,11740,,비오르(VIORR),비오르(VIORR),,,,아파트,,분양권,,2026-05-18,국토교통부 분양권/입주권 실거래
서울특별시,강북구,,미아동,791-364,11305,,북서울자이 폴라리스,북서울자이폴라리스,,,,아파트,1045,분양권,,2026-04-26,국토교통부 분양권/입주권 실거래|기존 보강
서울특별시,강북구,,미아동,232,11305,서울특별시 강북구 도봉로 232 (미아동),엘리프 미아역 1단지,엘리프 미아역 1단지,,,,아파트,,분양권,2026-08,2026-07-11,국토교통부 분양권/입주권 실거래|청약홈 APT 분양정보
서울특별시,강북구,,미아동,222,11305,서울특별시 강북구 도봉로 222 (미아동),엘리프 미아역 2단지,엘리프 미아역 2단지,,,,아파트,,분양권,2026-08,2026-07-09,국토교통부 분양권/입주권 실거래|청약홈 APT 분양정보
서울특별시,강북구,,미아동,705-1,11305,,한화 포레나 미아,한화 포레나 미아,,,,아파트,,분양권,,2026-06-11,국토교통부 분양권/입주권 실거래
서울특별시,강서구,,등촌동,366-24,11500,서울특별시 강서구 등촌동 366-24번지 일원,힐스테이트 등촌역,힐스테이트 등촌역,,,,아파트,,분양권,2026-10,2026-07-02,국토교통부 분양권/입주권 실거래|청약홈 APT 분양정보
서울특별시,관악구,,봉천동,산101,11620,,힐스테이트 관악센트씨엘,힐스테이트 관악센트씨엘,,,,아파트,,분양권,,2026-05-28,국토교통부 분양권/입주권 실거래
서울특별시,관악구,,신림동,316-62,11620,,서울대벤처타운역 푸르지오,서울대벤처타운역 푸르지오,,,,아파트,,분양권,,2026-03-13,국토교통부 분양권/입주권 실거래
서울특별시,광진구,,광장동,583,11215,,포제스한강,포제스한강,,,,아파트,,분양권,,2026-02-25,국토교통부 분양권/입주권 실거래
서울특별시,광진구,,구의동,592-39,11215,서울특별시 광진구 구의동 592-39번지 일원,강변역 센트럴 아이파크,강변역 센트럴 아이파크,,,,아파트,,분양권,2026-11,2026-06-12,국토교통부 분양권/입주권 실거래|청약홈 APT 분양정보
서울특별시,광진구,,자양동,870,11215,,이스트폴,이스트폴,,,,아파트,,분양권,,2025-08-04,국토교통부 분양권/입주권 실거래
서울특별시,구로구,,고척동,148-1,11530,서울특별시 구로구 고척동 148-1,고척 푸르지오 힐스테이트,고척 푸르지오 힐스테이트,,,,아파트,,분양권,2028-08,2026-07-04,국토교통부 분양권/입주권 실거래|청약홈 APT 분양정보
서울특별시,구로구,,오류동,362,11530,,천왕역모아엘가트레뷰,천왕역모아엘가트레뷰,,,,아파트,,분양권,,2026-03-19,국토교통부 분양권/입주권 실거래
서울특별시,금천구,,시흥동,,11545,서울특별시 금천구 시흥동 220-2외 5필지,한신더휴 하이엔에듀포레,한신더휴 하이엔에듀포레,,,,아파트,,입주예정,2027-07,,청약홈 APT 분양정보
서울특별시,노원구,,공릉동,240-1,11350,서울특별시 노원구 공릉동 240-1,서울공릉 신혼희망타운(공공분양),서울공릉 신혼희망타운(공공분양),,,서울공릉지구 공공분양주택|서울공릉지구 신혼희망타운(공공분양) 추가 입주자 모집공고,아파트,,입주예정,2027-10,,청약홈 APT 분양정보
서울특별시,노원구,,공릉동,270-71,11350,서울특별시 노원구 공릉동 270-71번지,하우스토리 센트럴포레,하우스토리 센트럴포레,,,,아파트,,분양권,2027-06,2025-08-09,국토교통부 분양권/입주권 실거래|청약홈 APT 분양정보
서울특별시,노원구,,월계동,85-7,11350,서울특별시 노원구 월계동 85-7번지 일대,서울원 아이파크,서울원 아이파크,,,,아파트,,분양권,2028-07,2026-07-10,국토교통부 분양권/입주권 실거래|청약홈 APT 분양정보
서울특별시,도봉구,,도봉동,95,11320,,도봉 금호어울림 리버파크,도봉 금호어울림 리버파크,,,,아파트,,분양권,,2026-06-30,국토교통부 분양권/입주권 실거래
서울특별시,동대문구,,신설동,96-48,11230,,신설동역자이르네,신설동역자이르네,,,,아파트,,분양권,,2025-09-26,국토교통부 분양권/입주권 실거래
서울특별시,동대문구,,용두동,26-14,11230,,힐스테이트청량리메트로블,힐스테이트청량리메트로블,,,,아파트,,분양권,,2026-06-24,국토교통부 분양권/입주권 실거래
서울특별시,동대문구,,이문동,257-42,11230,,래미안 라그란데,래미안 라그란데,,,,아파트,,분양권,,2026-06-15,국토교통부 분양권/입주권 실거래
서울특별시,동대문구,,이문동,149-8,11230,,이문 아이파크 자이,이문아이파크자이,,,,아파트,4321,분양권,,2026-06-25,국토교통부 분양권/입주권 실거래|기존 보강
서울특별시,동대문구,,제기동,892-68,11230,서울특별시 동대문구 제기동 892-68번지 일원,제기동역 아이파크,제기동역 아이파크,,,,아파트,,분양권,2028-09,2026-06-13,국토교통부 분양권/입주권 실거래|청약홈 APT 분양정보
서울특별시,동대문구,,청량리동,199,11230,,청량리 롯데캐슬 하이루체,청량리 롯데캐슬 하이루체,,,,아파트,,분양권,,2026-06-10,국토교통부 분양권/입주권 실거래
서울특별시,동대문구,,휘경동,172,11230,,휘경자이디센시아,휘경자이디센시아,,,,아파트,,분양권,,2026-05-11,국토교통부 분양권/입주권 실거래
서울특별시,동작구,,노량진동,154-7,11590,서울특별시 동작구 노량진동 154-7번지 일원,동작구수방사 공공분양주택,동작구수방사 공공분양주택,,,동작구수방사 공공분양주택(본청약),아파트,,입주예정,2028-12,,청약홈 APT 분양정보
서울특별시,동작구,,동작동,102,11590,,이수스위첸포레힐즈,이수스위첸포레힐즈,,,,아파트,,분양권,,2026-04-22,국토교통부 분양권/입주권 실거래
서울특별시,동작구,,사당동,155-4,11590,서울특별시 동작구 사당동 155-4번지 일원,힐스테이트 이수역센트럴,힐스테이트 이수역센트럴,,,,아파트,,입주예정,2028-04,,청약홈 APT 분양정보
서울특별시,동작구,,상도동,906,11590,,상도푸르지오클라베뉴,상도푸르지오클라베뉴,,,,아파트,,분양권,,2025-10-14,국토교통부 분양권/입주권 실거래
서울특별시,동작구,,신대방동,377-1,11590,서울특별시 동작구 신대방동 377-1번지 외 5필지,동작 보라매역 프리센트,동작 보라매역 프리센트,,,,아파트,,분양권,2026-10,2026-07-06,국토교통부 분양권/입주권 실거래|청약홈 APT 분양정보
서울특별시,동작구,,신대방동,725,11590,,휴마레,휴마레,,,,아파트,,분양권,,2026-01-06,국토교통부 분양권/입주권 실거래
서울특별시,동작구,,흑석동,343,11590,,흑석리버파크자이,흑석리버파크자이,,,,아파트,,분양권,,2025-10-19,국토교통부 분양권/입주권 실거래
서울특별시,마포구,,공덕동,105-84,11440,서울특별시 마포구 공덕동 105-84 일원,마포자이힐스테이트 라첼스,마포자이힐스테이트 라첼스,,,,아파트,,분양권,2027-03,2026-05-27,국토교통부 분양권/입주권 실거래|청약홈 APT 분양정보
서울특별시,마포구,,노고산동,129,11440,,빌리브디에이블,빌리브디에이블,,,,아파트,,분양권,,2026-05-05,국토교통부 분양권/입주권 실거래
서울특별시,마포구,,동교동,200-2,11440,서울특별시 마포구 동교동 200-2번지 일원,홍대입구역 센트럴 아르떼 해모로,홍대입구역 센트럴 아르떼 해모로,,,,아파트,,입주예정,2026-11,,청약홈 APT 분양정보
서울특별시,마포구,,신공덕동,14,11440,,신공덕아이파크,신공덕아이파크,,,,아파트,,분양권,,2025-12-29,국토교통부 분양권/입주권 실거래
서울특별시,마포구,,아현동,617-1,11440,서울특별시 마포구 아현동 617-1 일원,마포 에피트 어바닉,마포 에피트 어바닉,,,,아파트,,분양권,2028-07,2026-06-29,국토교통부 분양권/입주권 실거래|청약홈 APT 분양정보
서울특별시,마포구,,아현동,613-10,11440,서울특별시 마포구 아현동 613-10번지 일원,마포 푸르지오 어반피스,마포 푸르지오 어반피스,,,,아파트,,입주예정,2027-03,,청약홈 APT 분양정보
서울특별시,서대문구,,남가좌동,289-54,11410,,DMC 가재울 아이파크,DMC 가재울 아이파크,,,,아파트,,분양권,,2026-04-03,국토교통부 분양권/입주권 실거래
서울특별시,서대문구,,영천동,69-20,11410,서울특별시 서대문구 영천동 69-20외 160필지,경희궁 유보라,경희궁 유보라,,,,아파트,,분양권,2026-07,2025-09-25,국토교통부 분양권/입주권 실거래|청약홈 APT 분양정보
서울특별시,서대문구,,홍은동,11-111,11410,,서대문 센트럴 아이파크,서대문 센트럴 아이파크,,,,아파트,,분양권,,2026-06-23,국토교통부 분양권/입주권 실거래
서울특별시,서초구,,반포동,,,,래미안 원펜타스,래미안원펜타스,,,원펜타스|반포 원펜타스,아파트,641,,,,기존 보강
서울특별시,서초구,,반포동,1109,11650,서울특별시 서초구 반포동 1109번지 일대,래미안 트리니원,래미안트리니원,,,트리니원|반포 트리니원|반포 래미안 트리니원|반포주공1단지 3주구,아파트,2091,분양권,2026-08,2026-07-10,국토교통부 분양권/입주권 실거래|기존 보강|청약홈 APT 분양정보
서울특별시,서초구,,방배동,946-8,11650,서울특별시 서초구 방배동 946-8번지 일원,디에이치 방배,디에이치방배,,,DH방배|방배5구역,아파트,3064,분양권,2026-09,2026-04-22,국토교통부 분양권/입주권 실거래|기존 보강|청약홈 APT 분양정보
서울특별시,서초구,,방배동,818-14,11650,,래미안 원페를라,래미안 원페를라,,,,아파트,,분양권,,2026-06-10,국토교통부 분양권/입주권 실거래
서울특별시,서초구,,방배동,1018-1,11650,서울특별시 서초구 방배동 1018-1번지 일원,아크로 리츠카운티,아크로 리츠카운티,,,,아파트,,입주예정,2027-10,,청약홈 APT 분양정보
서울특별시,서초구,,잠원동,60-3,11650,,메이플자이,메이플자이,,,,아파트,3307,분양권,,2025-11-03,국토교통부 분양권/입주권 실거래|기존 보강
서울특별시,성동구,,성수동1가,656-421,11200,서울특별시 성동구 성수동1가 656-421번지 일대,오티에르 포레,오티에르 포레,,,,아파트,,분양권,2027-07,2025-09-26,국토교통부 분양권/입주권 실거래|청약홈 APT 분양정보
서울특별시,성동구,,용답동,가-108-1,11200,,성동자이리버뷰,성동자이리버뷰,,,,아파트,,분양권,,2026-04-21,국토교통부 분양권/입주권 실거래
서울특별시,성동구,,용답동,253,11200,,청계SKVIEW,청계SKVIEW,,,,아파트,,분양권,,2025-09-12,국토교통부 분양권/입주권 실거래
서울특별시,성동구,,용답동,108-1,11200,서울특별시 성동구 용답동 108-1번지 일원,청계리버뷰자이,청계리버뷰자이,,,,아파트,,입주예정,2027-02,,청약홈 APT 분양정보
서울특별시,성동구,,행당동,128,11200,,라체르보푸르지오써밋,라체르보푸르지오써밋,,,,아파트,,분양권,,2026-05-11,국토교통부 분양권/입주권 실거래
서울특별시,성북구,,길음동,542-1,11290,,길음역롯데캐슬트윈골드,길음역롯데캐슬트윈골드,,,,아파트,,분양권,,2025-09-05,국토교통부 분양권/입주권 실거래
서울특별시,성북구,,보문동1가,196-11,11290,서울특별시 성북구 보문동1가 196-11일대,보문 센트럴 아이파크,보문 센트럴 아이파크,,,,아파트,,분양권,2026-09,2026-05-22,국토교통부 분양권/입주권 실거래|청약홈 APT 분양정보
서울특별시,성북구,,보문동7가,139-1,11290,,DH팰리스타워,DH팰리스타워,,,,아파트,,분양권,,2025-09-04,국토교통부 분양권/입주권 실거래
서울특별시,성북구,,삼선동2가,296,11290,서울특별시 성북구 삼선동2가 296번지 일원,창경궁 롯데캐슬 시그니처,창경궁 롯데캐슬 시그니처,,,,아파트,,분양권,2027-04,2026-06-25,국토교통부 분양권/입주권 실거래|청약홈 APT 분양정보
서울특별시,성북구,,장위동,62-1,11290,,장위자이레디언트(2단지),장위자이레디언트(2단지),,,장위자이레디언트(3단지)|장위자이레디언트(4단지),아파트,,분양권,,2026-05-27,국토교통부 분양권/입주권 실거래
서울특별시,성북구,,장위동,25-55,11290,서울특별시 성북구 장위동 25-55번지 일대,푸르지오 라디우스 파크,푸르지오 라디우스 파크,,,,아파트,,분양권,2027-03,2026-06-26,국토교통부 분양권/입주권 실거래|청약홈 APT 분양정보
서울특별시,송파구,,송파동,171,11710,,잠실더샵루벤,잠실더샵루벤,,,,아파트,,분양권,,2025-07-09,국토교통부 분양권/입주권 실거래
서울특별시,송파구,,신천동,20-4,11710,,잠실 래미안아이파크,잠실 래미안아이파크,,,,아파트,,분양권,,2026-07-01,국토교통부 분양권/입주권 실거래
서울특별시,송파구,,신천동,17-6,11710,,잠실르엘,잠실르엘,,,르엘,아파트,1865,분양권,,2026-06-17,국토교통부 분양권/입주권 실거래|기존 보강
서울특별시,송파구,,오금동,67,11710,,송파더플래티넘,송파더플래티넘,,,,아파트,,분양권,,2025-11-24,국토교통부 분양권/입주권 실거래
서울특별시,영등포구,,당산동4가,91,11560,서울특별시 영등포구 당산동4가 91번지 일대,e편한세상 당산 리버파크,e편한세상 당산 리버파크,,,,아파트,,분양권,2028-03,2026-04-18,국토교통부 분양권/입주권 실거래|청약홈 APT 분양정보
서울특별시,영등포구,,당산동6가,331-1,11560,,디마크당산,디마크당산,,,,아파트,,분양권,,2026-06-26,국토교통부 분양권/입주권 실거래
서울특별시,영등포구,,신길동,1280,11560,서울특별시 영등포구 신길동 1280 일원,서울대방 신혼희망타운 공공분양,서울대방 신혼희망타운 공공분양,,,서울대방 신혼희망타운 공공분양(본청약)|서울대방 신혼희망타운(공공분양) 잔여세대 입주자모집공고,아파트,,입주예정,2027-06,,청약홈 APT 분양정보
서울특별시,영등포구,,신길동,255-9,11560,,신길AK푸르지오,신길AK푸르지오,,,,아파트,,분양권,,2026-02-13,국토교통부 분양권/입주권 실거래
서울특별시,영등포구,,양평동1가,265-1,11560,,영등포자이 디그니티,영등포자이 디그니티,,,,아파트,,분양권,,2026-04-30,국토교통부 분양권/입주권 실거래
서울특별시,영등포구,,영등포동5가,32-8,11560,서울특별시 영등포구 영등포동5가 32-8번지 일원,리버센트 푸르지오 위브,리버센트 푸르지오 위브,,,,아파트,,분양권,2029-01,2025-10-03,국토교통부 분양권/입주권 실거래|청약홈 APT 분양정보
서울특별시,은평구,,갈현동,467-1,11380,서울특별시 은평구 갈현동 467-1 번지 일대,연신내 양우내안애 퍼스티지,연신내 양우내안애 퍼스티지,,,,아파트,,입주예정,2028-03,,청약홈 APT 분양정보
서울특별시,은평구,,대조동,88,11380,서울특별시 은평구 대조동 88 89번지 일원,힐스테이트 메디알레,힐스테이트 메디알레,,,,아파트,,분양권,2026-10,2026-07-07,국토교통부 분양권/입주권 실거래|청약홈 APT 분양정보
서울특별시,은평구,,수색동,419,11380,,DMCSK뷰아이파크포레,DMCSK뷰아이파크포레,,,,아파트,,분양권,,2025-09-29,국토교통부 분양권/입주권 실거래
서울특별시,은평구,,수색동,432,11380,,DMC아트포레자이,DMC아트포레자이,,,,아파트,,분양권,,2025-10-19,국토교통부 분양권/입주권 실거래
서울특별시,은평구,,신사동,170-12,11380,,새절역 두산위브 트레지움,새절역 두산위브 트레지움,,,,아파트,,분양권,,2026-06-20,국토교통부 분양권/입주권 실거래
서울특별시,은평구,,신사동,19-100,11380,,은평자이더스타,은평자이더스타,,,,아파트,,분양권,,2026-07-14,국토교통부 분양권/입주권 실거래
서울특별시,중구,,황학동,1756,11140,서울특별시 중구 황학동 1756번지 일원,청계 노르웨이숲,청계 노르웨이숲,,,,아파트,,입주예정,2028-07,,청약홈 APT 분양정보
서울특별시,중랑구,,망우동,506-1,11260,서울특별시 중랑구 망우동 506-1,상봉 센트럴 아이파크,상봉 센트럴 아이파크,,,,아파트,,입주예정,2030-03,,청약홈 APT 분양정보
서울특별시,중랑구,,상봉동,83-1,11260,서울특별시 중랑구 상봉동 83-1번지 일원,더샵 퍼스트월드,더샵 퍼스트월드,,,,아파트,,분양권,2029-08,2026-07-11,국토교통부 분양권/입주권 실거래|청약홈 APT 분양정보
서울특별시,중랑구,,중화동,331-1,11260,,리버센 SK VIEW 롯데캐슬,리버센 SK VIEW 롯데캐슬,,,,아파트,,분양권,,2026-01-09,국토교통부 분양권/입주권 실거래
경기도,,가평군,달전리,284-7,41820,경기도 가평군 가평읍 달전리 284-7번지 일원,자라섬 수자인 리버페스타,자라섬 수자인 리버페스타,,,,아파트,,분양권,2027-09,2026-06-13,국토교통부 분양권/입주권 실거래|청약홈 APT 분양정보
경기도,,가평군,설악면 신천리,911,41820,,디엘본가평설악아파트,디엘본가평설악아파트,,,,아파트,,분양권,,2026-02-04,국토교통부 분양권/입주권 실거래
경기도,,가평군,청평리,81-18,41820,경기도 가평군 청평면 청평리 산81-18번지 일원,청평 수자인 더퍼스트,청평 수자인 더퍼스트,,,,아파트,,분양권,2027-09,2026-05-11,국토교통부 분양권/입주권 실거래|청약홈 APT 분양정보
경기도,,고양덕양구,도내동,,41281,경기도 고양시 덕양구 도내동 외 8개 동 일원 고양창릉 공공주택지구 내 S-3블록,고양 창릉 S3,고양창릉S3,,,창릉 S3|창릉S3|고양창릉 S-3블록 이익공유형 분양주택,아파트,1282,입주예정,2030-02,,LH 청약플러스|기존 보강
경기도,,고양덕양구,도내동,,41281,경기도 고양시 덕양구 도내동 외 8개 동 일원 고양창릉 공공주택지구 내 S-4블록,고양 창릉 S4,고양창릉S4,,,창릉 S4|창릉S4|고양창릉 S-4블록 공공분양주택,아파트,1024,입주예정,2030-03,,LH 청약플러스|기존 보강
경기도,,고양덕양구,성사동,405-8,41281,,원당역 롯데캐슬 스카이엘,원당역 롯데캐슬 스카이엘,,,,아파트,,분양권,,2026-05-05,국토교통부 분양권/입주권 실거래
경기도,,고양덕양구,신원동,591,41281,,힐스테이트삼송더카운티,힐스테이트삼송더카운티,,,,아파트,,분양권,,2026-01-05,국토교통부 분양권/입주권 실거래
경기도,,고양덕양구,원흥동,,41281,경기도 고양시 덕양구 원흥동 동산동 용두동 외 6개 동 일원 고양창릉 공공주택지구 내 A-4블록,고양창릉지구 A-4블록 신혼희망타운(공공분양),고양창릉지구 A-4블록 신혼희망타운(공공분양),,,고양창릉지구 A-4블록 신혼희망타운(공공분양)(본청약),아파트,,입주예정,2028-01,,청약홈 APT 분양정보
경기도,,고양덕양구,원흥동,,41281,경기도 고양시 덕양구 원흥동 동산동 용두동 외 6개동 일원,고양창릉지구 S-5블록 공공분양주택,고양창릉지구 S-5블록 공공분양주택,,,고양창릉지구 S-5블록 공공분양주택(본청약),아파트,,입주예정,2028-01,,청약홈 APT 분양정보
경기도,,고양덕양구,원흥동,,41281,경기도 고양시 덕양구 원흥동 동산동 용두동 외 6개동 일원,고양창릉지구 S-6블록 공공분양주택,고양창릉지구 S-6블록 공공분양주택,,,고양창릉지구 S-6블록 공공분양주택(본청약),아파트,,입주예정,2027-12,,청약홈 APT 분양정보
경기도,,고양덕양구,주교동,559-1,41281,경기도 고양시 덕양구 주교동 559-1번지 일대,고양 더샵포레나,고양 더샵포레나,,,,아파트,,분양권,2028-02,2026-07-06,국토교통부 분양권/입주권 실거래|청약홈 APT 분양정보
경기도,,고양덕양구,행신동,,41281,경기도 고양시 덕양구 행신동 고양창릉지구 내 S-1블록,고양 창릉 우미 린 그레니티(고양창릉 S-1BL) 공공분양주택(민간참여형),고양 창릉 우미 린 그레니티(고양창릉 S-1BL) 공공분양주택(민간참여형),,,,아파트,494,입주예정,2029-05,,LH 청약플러스
경기도,,고양일산동구,식사동,1126,41285,경기도 고양시 일산동구 식사동 1126번지 일대,식사 푸르지오 파크센트,식사 푸르지오 파크센트,,,,아파트,,입주예정,2028-06,,청약홈 APT 분양정보
경기도,,고양일산동구,식사동,1110,41285,경기도 고양시 일산동구 식사동 1110번지 일원(고양 풍동 2지구 3블럭),휴먼빌 일산 클래스원,휴먼빌 일산 클래스원,,,,아파트,,분양권,2027-04,2026-05-02,국토교통부 분양권/입주권 실거래|청약홈 APT 분양정보
경기도,,고양일산동구,장항동,529-26,41285,경기도 고양시 일산동구 장항동 529-26번지,고양 장항 아테라,고양 장항 아테라,,,,아파트,,입주예정,2027-05,,청약홈 APT 분양정보
경기도,,고양일산동구,장항동,658-65,41285,경기도 고양시 일산동구 장항동 658-65 일원(고양장항지구 B-1BL),고양 장항 제일풍경채,고양 장항 제일풍경채,,,,아파트,,입주예정,2026-12,,청약홈 APT 분양정보
경기도,,고양일산동구,장항동,,41285,경기도 고양시 일산동구 장항동 일산서구 대화동 일원,고양장항지구 S-1블록 공공분양주택,고양장항지구 S-1블록 공공분양주택,,,고양장항지구 S-1블록 공공분양주택 (본청약),아파트,,입주예정,2028-03,,청약홈 APT 분양정보
경기도,,고양일산동구,장항동,517-11,41285,경기도 고양시 일산동구 장항동 517-11번지 일원(고양 장항 공공주택지구 M-1블럭),고양 장항 카이브 유보라,고양 장항 카이브 유보라,,,,아파트,,입주예정,2028-07,,청약홈 APT 분양정보
경기도,,고양일산동구,풍동,822,41285,경기도 고양시 일산동구 풍동 822번지 일원,e편한세상 일산 메이포레 1단지,e편한세상 일산 메이포레 1단지,,,,아파트,,분양권,2027-03,2026-07-08,국토교통부 분양권/입주권 실거래|청약홈 APT 분양정보
경기도,,고양일산동구,풍동,852,41285,경기도 고양시 일산동구 풍동 852번지 일원,e편한세상 일산 메이포레 3단지,e편한세상 일산 메이포레 3단지,,,,아파트,,분양권,2027-03,2026-07-14,국토교통부 분양권/입주권 실거래|청약홈 APT 분양정보
경기도,,고양일산동구,풍동,가-,41285,,더샵일산퍼스트월드3단지,더샵일산퍼스트월드3단지,,,,아파트,,분양권,,2026-01-27,국토교통부 분양권/입주권 실거래
경기도,,과천시,,,41290,경기도 과천시 지식정보타운 공공주택지구 S2BL,과천 디에트르 퍼스티지(S2BL),과천 디에트르 퍼스티지(S2BL),,,,아파트,,입주예정,2027-05,,청약홈 APT 분양정보
경기도,,과천시,별양동,7,41290,경기도 과천시 별양동 7번지 일원,프레스티어자이,프레스티어자이,,,,아파트,,분양권,2027-10,2026-02-27,국토교통부 분양권/입주권 실거래|청약홈 APT 분양정보
경기도,,과천시,주암동,,41290,경기도 과천시 주암동 과천동 일원 과천주암지구 내 C2블록,과천주암지구 C2블록 신혼희망타운(공공분양),과천주암지구 C2블록 신혼희망타운(공공분양),,,과천주암지구 C2블록 신혼희망타운(공공분양)(본청약),아파트,,입주예정,2028-06,,청약홈 APT 분양정보
경기도,,과천시,주암동,63-9,41290,경기도 과천시 주암동 63-9번지 일원,디에이치 아델스타,디에이치 아델스타,,,,아파트,,입주예정,2028-09,,청약홈 APT 분양정보
경기도,,광명시,광명4동,158-403,41210,경기도 광명시 광명4동 158-403번지 및 철산4동 467-83번지 일원,힐스테이트 광명 11,힐스테이트 광명 11,,,,아파트,,분양권,2029-06,2026-07-02,국토교통부 분양권/입주권 실거래|청약홈 APT 분양정보
경기도,,광명시,광명5동,275-3,41210,경기도 광명시 광명5동 275-3번지 일원,광명 롯데캐슬 시그니처,광명 롯데캐슬 시그니처,,,,아파트,,분양권,2027-10,2026-07-11,국토교통부 분양권/입주권 실거래|청약홈 APT 분양정보
경기도,,광명시,광명동,88-14,41210,,광명센트럴아이파크,광명센트럴아이파크,,,,아파트,1957,분양권,,2026-06-02,국토교통부 분양권/입주권 실거래|기존 보강
경기도,,광명시,광명동,9-8,41210,,광명자이더샵포레나,광명자이더샵포레나,,,,아파트,,분양권,,2026-06-06,국토교통부 분양권/입주권 실거래
경기도,,광명시,광명동,78-38,41210,경기도 광명시 광명동 78-38,광명자이힐스테이트SKVIEW,광명자이힐스테이트SKVIEW,,,,아파트,,분양권,2027-07,2026-07-04,국토교통부 분양권/입주권 실거래|청약홈 APT 분양정보
경기도,,광명시,광명동,373-3,41210,,광명 제10R구역 호반써밋 그랜드 에비뉴,광명 제10R구역 호반써밋 그랜드 에비뉴,,,,아파트,,분양권,,2026-02-05,국토교통부 분양권/입주권 실거래
경기도,,광명시,광명동,12-2,41210,,트리우스 광명,트리우스 광명,,,트리우스광명(1단지),아파트,,분양권,,2026-05-31,국토교통부 분양권/입주권 실거래
경기도,,광명시,광명동,18-1,41210,,트리우스광명(2단지),트리우스광명(2단지),,,,아파트,,분양권,,2026-05-23,국토교통부 분양권/입주권 실거래
경기도,,광명시,소하동,893-3,41210,,광명 소하 신원아침도시1,광명 소하 신원아침도시1,,,,아파트,,분양권,,2026-05-15,국토교통부 분양권/입주권 실거래
경기도,,광명시,소하동,883-18,41210,,광명 소하 신원아침도시2,광명 소하 신원아침도시2,,,,아파트,,분양권,,2026-02-25,국토교통부 분양권/입주권 실거래
경기도,,광명시,소하동,380-1,41210,경기도 광명시 소하동 380-1,광명 유승한내들 라포레,광명 유승한내들 라포레,,,,아파트,,분양권,2027-11,2026-02-28,국토교통부 분양권/입주권 실거래|청약홈 APT 분양정보
경기도,,광명시,철산3동,472-267,41210,경기도 광명시 철산3동 472-267번지 일원,철산역자이,철산역자이,,,,아파트,,분양권,2029-05,2026-05-29,국토교통부 분양권/입주권 실거래|청약홈 APT 분양정보
경기도,,광명시,철산동,235,41210,,철산자이더헤리티지,철산자이더헤리티지,,,,아파트,3804,분양권,,2026-07-06,국토교통부 분양권/입주권 실거래|기존 보강
경기도,,광명시,철산동,105,41210,,철산자이 브리에르,철산자이 브리에르,,,,아파트,,분양권,,2026-04-24,국토교통부 분양권/입주권 실거래
경기도,,광주시,곤지암리,637,41610,경기도 광주시 곤지암읍 곤지암리 637번지,곤지암역 센트럴 아이파크,곤지암역 센트럴 아이파크,,,,아파트,,분양권,2027-05,2026-06-23,국토교통부 분양권/입주권 실거래|청약홈 APT 분양정보
경기도,,광주시,곤지암읍,636,41610,경기도 광주시 곤지암읍 곤지암리636번지(곤지암역세권 A1-1블록),곤지암역 제일풍경채,곤지암역 제일풍경채,,,,아파트,,분양권,2027-08,2026-06-12,국토교통부 분양권/입주권 실거래|청약홈 APT 분양정보
경기도,,광주시,송정동,산28-4,41610,,광주 송정 중흥S-클래스 파크뷰,광주 송정 중흥S-클래스 파크뷰,,,,아파트,,분양권,,2026-07-11,국토교통부 분양권/입주권 실거래
경기도,,광주시,신대리,25,41610,경기도 광주시 곤지암읍 신대리 25번지,힐스테이트 광주곤지암역,힐스테이트 광주곤지암역,,,,아파트,,분양권,2027-05,2026-06-05,국토교통부 분양권/입주권 실거래|청약홈 APT 분양정보
경기도,,광주시,역동,산1-39,41610,,광주 더파크 비스타 데시앙,광주 더파크 비스타 데시앙,,,더파크비스타데시앙,아파트,,분양권,,2026-06-27,국토교통부 분양권/입주권 실거래
경기도,,광주시,역동,28-3,41610,경기도 광주시 역동 28-3번지 일원,해링턴 스퀘어 리버파크,해링턴 스퀘어 리버파크,,,,아파트,,입주예정,2029-10,,청약홈 APT 분양정보
경기도,,광주시,장지동,695-14,41610,경기도 광주시 장지동 695-14,광주태전 경남아너스빌 리미티드,광주태전 경남아너스빌 리미티드,,,,아파트,,입주예정,2027-08,,청약홈 APT 분양정보
경기도,,광주시,탄벌동,779,41610,,광주탄벌서희스타힐스1단지,광주탄벌서희스타힐스1단지,,,,아파트,,분양권,,2026-05-17,국토교통부 분양권/입주권 실거래
경기도,,구리시,갈매동,,41310,경기도 구리시 갈매동 일원 구리갈매역세권 공공주택지구 내 A-1블록,구리갈매역세권 A-1블록 신혼희망타운(공공분양),구리갈매역세권 A-1블록 신혼희망타운(공공분양),,,구리갈매역세권 A-1블록 신혼희망타운(공공분양)(본청약),아파트,,입주예정,2028-09,,청약홈 APT 분양정보
경기도,,구리시,교문동,339,41310,경기도 구리시 교문동 339번지 일원(딸기원2지구 주택재개발사업),중흥S-클래스 힐더포레,중흥S-클래스 힐더포레,,,,아파트,,분양권,2029-02,2026-05-15,국토교통부 분양권/입주권 실거래|청약홈 APT 분양정보
경기도,,구리시,수택동,496-6,41310,,구리역 하이니티 리버파크,구리역 하이니티 리버파크,,,,아파트,,분양권,,2026-07-04,국토교통부 분양권/입주권 실거래
경기도,,구리시,수택동,266-2,41310,경기도 구리시 수택동 266-2 일원,구리 한양립스,구리 한양립스,,,,아파트,,입주예정,2027-11,,청약홈 APT 분양정보
경기도,,구리시,인창동,289-29,41310,,구리역 롯데캐슬 시그니처,구리역 롯데캐슬 시그니처,,,구리역롯데캐슬시그니처(C1),아파트,,분양권,,2026-04-20,국토교통부 분양권/입주권 실거래
경기도,,군포시,금정동,146-3,41410,경기도 군포시 벌터·마벨지구 B-1블록(금정동 146-3 일원),금정역 푸르지오 그랑블,금정역 푸르지오 그랑블,,,,아파트,,분양권,2028-05,2026-07-06,국토교통부 분양권/입주권 실거래|청약홈 APT 분양정보
경기도,,군포시,둔대동,57,41410,경기도 군포시 군포대야미 공공주택지구 B3블럭(경기도 군포시 둔대동 57번지 일원),군포대야미 대방 디에트르 시그니처(B3BL),군포대야미 대방 디에트르 시그니처(B3BL),,,,아파트,,입주예정,2027-12,,청약홈 APT 분양정보
경기도,,군포시,속달동,90-3,41410,경기도 군포시 군포대야미 공공주택지구 B1블럭(경기도 군포시 속달동 90-3번지 일원),대야미역 금강펜테리움 레이크포레(B1BL),대야미역 금강펜테리움 레이크포레(B1BL),,,,아파트,,입주예정,2028-05,,청약홈 APT 분양정보
경기도,,김포시,고촌읍 신곡리,6지구BL A3,41570,,고촌센트럴자이,고촌센트럴자이,,,,아파트,,분양권,,2026-04-30,국토교통부 분양권/입주권 실거래
경기도,,김포시,북변동,329-2,41570,경기도 김포시 북변동 329-2번지 일원,김포 북변 우미 린 파크리브,김포 북변 우미 린 파크리브,,,,아파트,,분양권,2027-12,2026-07-03,국토교통부 분양권/입주권 실거래|청약홈 APT 분양정보
경기도,,김포시,북변동,224-67,41570,경기도 김포시 북변동 224-67 일원,김포북변 칸타빌 디 에디션,김포북변 칸타빌 디 에디션,,,,아파트,,입주예정,2029-12,,청약홈 APT 분양정보
경기도,,김포시,북변동,184,41570,경기도 김포시 북변동 184번지 일원,한강 수자인 오브센트,한강 수자인 오브센트,,,,아파트,,분양권,2028-02,2026-07-06,국토교통부 분양권/입주권 실거래|청약홈 APT 분양정보
경기도,,김포시,사우동,475-2,41570,김포 풍무역세권 B5블록(경기도 김포시 사우동 475-2 일원),김포 풍무역세권 B5블록 호반써밋,김포 풍무역세권 B5블록 호반써밋,,,,아파트,,입주예정,2028-10,,청약홈 APT 분양정보
경기도,,김포시,사우동,173-1,41570,경기도 김포시 풍무역세권도시개발사업 B2BL(사우동 173-1번지 일원),풍무역세권 수자인 그라센트 1차,풍무역세권 수자인 그라센트 1차,,,,아파트,,입주예정,2029-01,,청약홈 APT 분양정보
경기도,,김포시,사우동,428-3,41570,경기도 김포시 사우동 428-3 일원 (풍무역세권 도시개발사업 B3블록),풍무역 푸르지오 더 마크,풍무역 푸르지오 더 마크,,,,아파트,,입주예정,2028-11,,청약홈 APT 분양정보
경기도,,김포시,신곡리,2,41570,"경기도 김포시 고촌읍 신곡리 , 풍곡리 일원 김포고촌2 공공주택지구 내 A1블록",김포고촌2 A1블록 공공분양주택,김포고촌2 A1블록 공공분양주택,,,,아파트,350,입주예정,2028-07,,LH 청약플러스
경기도,,김포시,풍무동,30-1,41570,경기도 김포시 풍무동 30-1번지 일원,풍무역 롯데캐슬 시그니처,풍무역롯데캐슬시그니처,,,풍무 롯데캐슬,아파트,720,분양권,2028-07,2026-06-22,국토교통부 분양권/입주권 실거래|기존 보강|청약홈 APT 분양정보
경기도,,김포시,풍무동,483-7,41570,경기도 김포시 풍무동 483-7번지 일대 (경기도 김포시 풍무 양도지구 도시개발사업 공동주택 1단지),해링턴플레이스 풍무(1BL),해링턴플레이스 풍무(1BL),,,,아파트,,분양권,2028-08,2026-06-01,국토교통부 분양권/입주권 실거래|청약홈 APT 분양정보
경기도,,김포시,풍무동,143-1,41570,경기도 김포시 풍무동 143-1번지 일대 (경기도 김포시 풍무 양도지구 도시개발사업 공동주택 2단지),해링턴플레이스 풍무(2BL),해링턴플레이스 풍무(2BL),,,,아파트,,분양권,2028-08,2026-06-02,국토교통부 분양권/입주권 실거래|청약홈 APT 분양정보
경기도,,김포시,풍무동,370-37,41570,경기도 김포시 풍무동 370-37번지 일대 (경기도 김포시 풍무 양도지구 도시개발사업 공동주택 3단지),해링턴플레이스 풍무(3BL),해링턴플레이스 풍무(3BL),,,,아파트,,분양권,2028-08,2026-06-16,국토교통부 분양권/입주권 실거래|청약홈 APT 분양정보
경기도,,김포시,향산리,588-11,41570,경기도 김포시 고촌읍 향산리 588-11번지 일원,오퍼스 한강 스위첸,오퍼스 한강 스위첸,,,,아파트,,입주예정,2028-08,,청약홈 APT 분양정보
경기도,,남양주시,내각리,2,41360,경기도 남양주시 진접읍 내각리 연평리 일원 남양주진접2 공공주택지구내 A-1블록,남양주진접2지구 A-1블록 공공분양주택,남양주진접2지구 A-1블록 공공분양주택,,,남양주진접2지구 A-1블록 공공분양주택 입주자모집(본청약)|남양주진접2지구 A-7블록 공공분양주택 입주자모집(본청약)|남양주진접2 지구 A-4블록 신혼희망타운(공공분양) 입주자모집(본청약),아파트,,입주예정,2028-09,,청약홈 APT 분양정보
경기도,,남양주시,덕소리,453-15,41360,경기도 남양주시 와부읍 덕소리 453-15 일원,덕소역 라온프라이빗 리버포레,덕소역 라온프라이빗 리버포레,,,,아파트,,분양권,2028-03,2026-06-13,국토교통부 분양권/입주권 실거래|청약홈 APT 분양정보
경기도,,남양주시,연평리,,41360,경기도 남양주시 진접읍 연평리 일원,왕숙 푸르지오 더 퍼스트 1단지 공공분양주택,왕숙 푸르지오 더 퍼스트 1단지 공공분양주택,,,왕숙 푸르지오 더 퍼스트 1단지 공공분양주택(본청약),아파트,,입주예정,2028-05,,청약홈 APT 분양정보
경기도,,남양주시,연평리,,41360,경기도 남양주시 진접읍 연평리 일원,왕숙 푸르지오 더 퍼스트 2단지 공공분양주택,왕숙 푸르지오 더 퍼스트 2단지 공공분양주택,,,왕숙 푸르지오 더 퍼스트 2단지 공공분양주택(본청약),아파트,,입주예정,2028-06,,청약홈 APT 분양정보
경기도,,남양주시,와부읍 도곡리,981-3,41360,,덕소 강변 스타힐스,덕소 강변 스타힐스,,,,아파트,,분양권,,2026-03-24,국토교통부 분양권/입주권 실거래
경기도,,남양주시,와부읍 도곡리,931-5,41360,,도심역 한양수자인 리버파인,도심역 한양수자인 리버파인,,,,아파트,,분양권,,2026-05-23,국토교통부 분양권/입주권 실거래
경기도,,남양주시,일패동,2,41360,"경기도 남양주시 일패동 ,이패동 일원 남양주왕숙2 공공주택지구내 A-3블록",남양주왕숙2 A-3BL 공공분양주택,남양주왕숙2 A-3BL 공공분양주택,,,,아파트,686,입주예정,2030-05,,LH 청약플러스
경기도,,남양주시,일패동,,41360,경기도 남양주시 일패동 남양주왕숙2지구 내 A-1블록,왕숙 아테라(남양주왕숙2 A-1BL) 공공분양주택(민간참여형),왕숙 아테라(남양주왕숙2 A-1BL) 공공분양주택(민간참여형),,,,아파트,812,입주예정,2029-02,,LH 청약플러스
경기도,,남양주시,진접읍,,41360,경기도 남양주시 진접읍 진건읍 퇴계원읍 일원 남양주왕숙 공공주택지구 내 A-1블록,남양주왕숙 A1블록 공공분양주택,남양주왕숙 A1블록 공공분양주택,,,남양주왕숙 A1블록 공공분양주택(본청약),아파트,,입주예정,2028-08,,청약홈 APT 분양정보
경기도,,남양주시,진접읍,,41360,경기도 남양주시 진접읍 진건읍 퇴계원읍 일원 남양주왕숙 공공주택지구 내 A-24블록,남양주왕숙 A-24블록 신혼희망타운(공공분양),남양주왕숙 A-24블록 신혼희망타운(공공분양),,,남양주왕숙 A-24블록 신혼희망타운(공공분양)(본청약),아파트,,입주예정,2028-12,,청약홈 APT 분양정보
경기도,,남양주시,진접읍,,41360,경기도 남양주시 진접읍 진건읍. 퇴계원읍 일원 남양주왕숙 공공주택지구 내 A-2블록,남양주왕숙 A-2블록 신혼희망타운(공공분양),남양주왕숙 A-2블록 신혼희망타운(공공분양),,,남양주왕숙 A-2블록 신혼희망타운(공공분양)(본청약),아파트,,입주예정,2028-08,,청약홈 APT 분양정보
경기도,,남양주시,진접읍,,41360,경기도 남양주시 진접읍 진건읍 퇴계원읍 일원 남양주왕숙 공공주택지구 내 B-17블록,남양주왕숙지구 B-17블록 공공분양주택,남양주왕숙지구 B-17블록 공공분양주택,,,남양주왕숙지구 B-17블록 공공분양주택(본청약),아파트,,입주예정,2028-12,,청약홈 APT 분양정보
경기도,,남양주시,진접읍 금곡리,1107,41360,,부영사랑으로,부영사랑으로,,,,아파트,,분양권,,2026-04-16,국토교통부 분양권/입주권 실거래
경기도,,남양주시,평내동,660-6,41360,경기도 남양주시 평내동 660-6번지,두산위브더제니스 평내호평역 N49,두산위브더제니스 평내호평역 N49,,,,아파트,,분양권,2029-05,2026-07-08,국토교통부 분양권/입주권 실거래|청약홈 APT 분양정보
경기도,,남양주시,평내동,661,41360,,평내호평역대명루첸포레스티움,평내호평역대명루첸포레스티움,,,,아파트,,분양권,,2026-05-13,국토교통부 분양권/입주권 실거래
경기도,,남양주시,화도읍 마석우리,295-32,41360,,빌리브센트하이,빌리브센트하이,,,,아파트,,분양권,,2026-07-02,국토교통부 분양권/입주권 실거래
경기도,,부천소사구,괴안동,,41194,경기도 부천시 소사구 괴안동 부천괴안 공공주택지구 B2블록,부천아테라자이(부천괴안지구 B-2블록),부천아테라자이(부천괴안지구 B-2블록),,,,아파트,,입주예정,2027-01,,청약홈 APT 분양정보
경기도,,부천소사구,괴안동,201,41194,,쌍용 더 플래티넘 온수역,쌍용 더 플래티넘 온수역,,,,아파트,,분양권,,2026-07-04,국토교통부 분양권/입주권 실거래
경기도,,부천소사구,괴안동,91-1,41194,,역곡역 아테움 스위첸,역곡역 아테움 스위첸,,,,아파트,,분양권,,2026-04-06,국토교통부 분양권/입주권 실거래
경기도,,부천소사구,소사본동,가-134,41194,경기도 부천시 소사본동 134번지 일원,소사역 롯데캐슬 더 뉴엘,소사역 롯데캐슬 더 뉴엘,,,,아파트,,분양권,2027-08,2026-07-04,국토교통부 분양권/입주권 실거래|청약홈 APT 분양정보
경기도,,부천소사구,소사본동,65-2,41194,,힐스테이트 소사역,힐스테이트 소사역,,,,아파트,,분양권,,2025-12-22,국토교통부 분양권/입주권 실거래
경기도,,부천소사구,송내동,339,41194,경기도 부천시 송내동 339번지 일원,송내역 푸르지오 센트비엔,송내역 푸르지오 센트비엔,,,,아파트,,분양권,2026-09,2026-07-12,국토교통부 분양권/입주권 실거래|청약홈 APT 분양정보
경기도,,부천오정구,,,41196,경기도 부천시 오정구 부천원종 공공주택지구 B1블럭,원종 휴먼빌 클라츠,원종 휴먼빌 클라츠,,,,아파트,,입주예정,2027-05,,청약홈 APT 분양정보
경기도,,부천오정구,고강동,307,41196,경기도 부천시 오정구 고강동 307,고강역 신원아침도시 퍼스티지,고강역 신원아침도시 퍼스티지,,,,아파트,,분양권,2026-08,2026-02-19,국토교통부 분양권/입주권 실거래|청약홈 APT 분양정보
경기도,,부천오정구,대장동,,41196,경기도 부천시 부천대장 택지개발사업지구 내 A-5블록,e편한세상 대장 퍼스티움(부천대장 A-5BL) 신혼희망타운(공공분양),e편한세상 대장 퍼스티움(부천대장 A-5BL) 신혼희망타운(공공분양),,,,아파트,,입주예정,2027-11,,청약홈 APT 분양정보
경기도,,부천오정구,대장동,,41196,경기도 부천시 부천대장 택지개발사업지구 내 A-6블록,e편한세상 대장 퍼스티움(부천대장 A-6BL) 신혼희망타운(공공분양),e편한세상 대장 퍼스티움(부천대장 A-6BL) 신혼희망타운(공공분양),,,,아파트,,입주예정,2027-11,,청약홈 APT 분양정보
경기도,,부천오정구,대장동,,41196,경기도 부천시 대장동 오정동 원종동 삼정동 일원 부천대장 공공주택지구 내 A7블록,부천대장 A7블록 공공분양,부천대장 A7블록 공공분양,,,부천대장 A7블록 공공분양(본청약),아파트,,입주예정,2028-01,,청약홈 APT 분양정보
경기도,,부천오정구,대장동,,41196,경기도 부천시 오정구 대장동 오정동 원종동 삼정동 인천광역시 계양구 동양동 박촌동 병방동 일원 부천대장 공공주택지구 내 A8블록,부천대장 A8블록 공공분양,부천대장 A8블록 공공분양,,,부천대장 A8블록 공공분양(본청약),아파트,,입주예정,2028-01,,청약홈 APT 분양정보
경기도,,부천오정구,여월동,8-9,41196,경기도 부천시 오정구 여월동 8-9번지 외 4필지,여월 중앙하이츠 아르비채,여월 중앙하이츠 아르비채,,,,아파트,,입주예정,2026-10,,청약홈 APT 분양정보
경기도,,부천오정구,오정동,613,41196,경기도 부천시 오정구 오정동 613번지 일원,오정 해모로 스마트시티,오정 해모로 스마트시티,,,,아파트,,입주예정,2027-07,,청약홈 APT 분양정보
경기도,,부천오정구,원종동,298-1,41196,경기도 부천시 오정구 원종동 298-1번지 일원,엘리프 원종,엘리프 원종,,,,아파트,,분양권,2028-01,2025-11-29,국토교통부 분양권/입주권 실거래|청약홈 APT 분양정보
경기도,,부천원미구,역곡동,,41192,경기도 부천시 원미구 역곡동 부천역곡 공공주택지구 내 A-2블록,역곡지구 하우스토리(부천역곡 A-2블록) 신혼희망타운(공공분양),역곡지구 하우스토리(부천역곡 A-2블록) 신혼희망타운(공공분양),,,,아파트,1464,입주예정,2029-06,,LH 청약플러스
경기도,,부천원미구,원미동,150-1,41192,,부천역 에피트 어바닉,부천역 에피트 어바닉,,,,아파트,,분양권,,2026-05-01,국토교통부 분양권/입주권 실거래
경기도,,부천원미구,원미동,62-4,41192,,선샤인힐스,선샤인힐스,,,,아파트,,분양권,,2026-02-20,국토교통부 분양권/입주권 실거래
경기도,,성남분당구,동원동,,41135,경기도 성남시 분당구 동원동 성남낙생지구 A-1블록,e편한세상 분당 퍼스트빌리지(성남낙생 A-1BL) 신혼희망타운(공공분양),e편한세상 분당 퍼스트빌리지(성남낙생 A-1BL) 신혼희망타운(공공분양),,,,아파트,1400,입주예정,2029-02,,LH 청약플러스
경기도,,성남분당구,정자동,88,41135,경기도 성남시 분당구 정자동 88번지 일원,더샵 분당티에르원,더샵 분당티에르원,,,,아파트,,입주예정,2027-10,,청약홈 APT 분양정보
경기도,,성남수정구,,,41131,경기도 성남시 수정구 복정1지구 B3BL,성남 복정1지구 B3블록,성남 복정1지구 B3블록,,,성남 복정1지구 B3블록(사전청약)|성남 복정1지구 B3블록 엘리프 남위례역 에듀포레(본청약),아파트,,입주예정,2027-06,,청약홈 APT 분양정보
경기도,,성남수정구,금토동,,41131,경기도 성남시 수정구 금토동 일원 성남금토 공공주택지구 내 A-4블록,성남금토 A-4블록 신혼희망타운(공공분양),성남금토 A-4블록 신혼희망타운(공공분양),,,성남금토 A-4블록 신혼희망타운(공공분양)(본청약),아파트,,입주예정,2027-11,,청약홈 APT 분양정보
경기도,,성남수정구,금토동,,41131,경기도 성남시 수정구 금토로 44-5(금토동),성남 금토지구 A-3블록 중흥S-클래스,성남 금토지구 A-3블록 중흥S-클래스,,,성남 금토지구 A-3블록 중흥S-클래스 (사전청약),아파트,,입주예정,2026-10,,청약홈 APT 분양정보
경기도,,성남수정구,금토동,,41131,경기도 성남시 수정구 금토동 금토지구 A-3BL,성남 금토지구 A-3블록 판교테크노밸리 중흥S-클래스,성남 금토지구 A-3블록 판교테크노밸리 중흥S-클래스,,,성남 금토지구 A-3블록 판교테크노밸리 중흥S-클래스(본청약),아파트,,입주예정,2027-02,,청약홈 APT 분양정보
경기도,,성남수정구,복정동,243,41131,경기도 성남시 수정구 복정동 243번지 일원,성남복정1지구 B1블록 복정역 에피트,성남복정1지구 B1블록 복정역 에피트,,,,아파트,,입주예정,2028-04,,청약홈 APT 분양정보
경기도,,성남수정구,산성동,1336,41131,경기도 성남시 수정구 산성동 1336번지 일대,산성역 헤리스톤,산성역헤리스톤,,,헤리스톤|헤리스톤아파트,아파트,3487,분양권,2027-12,2026-07-07,국토교통부 분양권/입주권 실거래|기존 보강|청약홈 APT 분양정보
경기도,,성남수정구,창곡동,,41131,경기도 성남시 수정구 창곡동 위례 택지개발사업지구 내 A2-7블록,위례 A2-7블록 신혼희망타운(공공분양),위례 A2-7블록 신혼희망타운(공공분양),,,위례 A2-7블록 신혼희망타운(공공분양) (본청약)|위례 A2-7블록 신혼희망타운(공공분양) 잔여세대,아파트,,입주예정,2026-12,,청약홈 APT 분양정보
경기도,,성남중원구,중앙동,912,41133,경기도 성남시 중원구 중앙동 912번지 일원,해링턴 스퀘어 신흥역,해링턴 스퀘어 신흥역,,,,아파트,,분양권,2027-12,2026-07-04,국토교통부 분양권/입주권 실거래|청약홈 APT 분양정보
경기도,,수원권선구,,,41113,경기도 수원시 권선구 수원당수 공공주택지구 내 C3BL,수원 당수지구 C3블록,수원 당수지구 C3블록,,,수원 당수지구 C3블록(사전청약),아파트,,입주예정,2026-12,,청약홈 APT 분양정보
경기도,,수원권선구,,,41113,경기도 수원시 권선구 수원당수 공공주택지구 내 D3BL,수원 당수지구 D3블록,수원 당수지구 D3블록,,,수원 당수지구 D3블록(사전청약),아파트,,입주예정,2026-12,,청약홈 APT 분양정보
경기도,,수원권선구,,,41113,경기도 수원시 권선구 당수1지구 공공주택지구 내 C3블록,엘리프 한신더휴 수원 C3블록,엘리프 한신더휴 수원 C3블록,,,엘리프 한신더휴 수원 C3블록(본청약),아파트,,입주예정,2027-12,,청약홈 APT 분양정보
경기도,,수원권선구,,,41113,경기도 수원시 권선구 당수1지구 공공주택지구 내 D3블록,엘리프 한신더휴 수원 D3블록,엘리프 한신더휴 수원 D3블록,,,엘리프 한신더휴 수원 D3블록(본청약),아파트,,입주예정,2028-04,,청약홈 APT 분양정보
경기도,,수원권선구,권선동,1340,41113,,수원아이파크시티10단지,수원아이파크시티10단지,,,,아파트,,분양권,,2025-11-28,국토교통부 분양권/입주권 실거래
경기도,,수원권선구,당수동,178,41113,경기도 수원시 권선구 당수로 178 (당수동),수원당수 A5블록 신혼희망타운(공공분양),수원당수 A5블록 신혼희망타운(공공분양),,,수원당수 A5블록 신혼희망타운(공공분양)(본청약),아파트,,입주예정,2027-06,,청약홈 APT 분양정보
경기도,,수원권선구,서둔동,465,41113,,힐스테이트수원파크포레,힐스테이트수원파크포레,,,,아파트,,분양권,,2026-07-01,국토교통부 분양권/입주권 실거래
경기도,,수원권선구,세류동,817-72,41113,경기도 수원시 권선구 세류동 817-72번지 일원,매교역 팰루시드,매교역 팰루시드,,,,아파트,,분양권,2026-08,2026-07-14,국토교통부 분양권/입주권 실거래|청약홈 APT 분양정보
경기도,,수원권선구,오목천동,319-1,41113,,오목천역 더리브,오목천역 더리브,,,,아파트,,분양권,,2026-03-11,국토교통부 분양권/입주권 실거래
경기도,,수원영통구,영통동,980-2,41117,경기도 수원시 영통구 영통동 980-2번지 일원,망포역 푸르지오 르마크,망포역 푸르지오 르마크,,,,아파트,,입주예정,2030-02,,청약홈 APT 분양정보
경기도,,수원영통구,영통동,961-11,41117,경기도 수원시 영통구 영통동 961-11번지,영통자이 센트럴파크,영통자이 센트럴파크,,,,아파트,,분양권,2027-03,2026-06-30,국토교통부 분양권/입주권 실거래|청약홈 APT 분양정보
경기도,,수원장안구,연무동,58-1,41111,경기도 수원시 장안구 연무동 58-1번지 일원,서광교 한라비발디 레이크포레,서광교 한라비발디 레이크포레,,,,아파트,,입주예정,2027-02,,청약홈 APT 분양정보
경기도,,수원장안구,영화동,93-6,41111,,두산위브 더센트럴 수원,두산위브 더센트럴 수원,,,,아파트,,분양권,,2026-03-09,국토교통부 분양권/입주권 실거래
경기도,,수원장안구,이목동,,41111,경기도 수원시 장안구 이목동 종전부동산 이목지구 도시개발사업 A4블록 공동주택용지,북수원이목지구 대방 디에트르 더 리체Ⅰ,북수원이목지구 대방 디에트르 더 리체Ⅰ,,,북수원이목지구 대방 디에트르 더 리체Ⅱ(A3BL),아파트,,입주예정,2028-05,,청약홈 APT 분양정보
경기도,,수원팔달구,우만동,436,41115,경기도 수원시 팔달구 우만동 436번지,효성해링턴 플레이스 동수원,효성해링턴 플레이스 동수원,,,,아파트,,입주예정,2027-10,,청약홈 APT 분양정보
경기도,,수원팔달구,지동,349-1,41115,,수원성 중흥S-클래스,수원성 중흥S-클래스,,,,아파트,,분양권,,2026-07-14,국토교통부 분양권/입주권 실거래
경기도,,시흥시,거모동,,41390,경기도 시흥시 시흥거모 공공주택지구 B-2블럭(경기도 시흥시 거모동 일원),시흥거모지구 대방 엘리움 더 루체Ⅱ(B-2BL),시흥거모지구 대방 엘리움 더 루체Ⅱ(B-2BL),,,,아파트,,입주예정,2028-08,,청약홈 APT 분양정보
경기도,,시흥시,거모동,,41390,경기도 시흥시 시흥거모 공공주택지구 S-2블럭(경기도 시흥시 거모동 일원),시흥거모지구 대방 엘리움 더 루체Ⅰ(S-2BL),시흥거모지구 대방 엘리움 더 루체Ⅰ(S-2BL),,,,아파트,,입주예정,2028-08,,청약홈 APT 분양정보
경기도,,시흥시,신천동,83-6,41390,,신천역 한라비발디,신천역 한라비발디,,,,아파트,,분양권,,2025-12-01,국토교통부 분양권/입주권 실거래
경기도,,시흥시,은행동,248-30,41390,경기도 시흥시 은행동 248-30 일원,시흥 롯데캐슬 시그니처 1블록,시흥 롯데캐슬 시그니처 1블록,,,,아파트,,분양권,2027-07,2026-07-02,국토교통부 분양권/입주권 실거래|청약홈 APT 분양정보
경기도,,시흥시,은행동,288-1,41390,경기도 시흥시 은행동 288-1 일원,시흥 롯데캐슬 시그니처 2블록,시흥 롯데캐슬 시그니처 2블록,,,,아파트,,분양권,2027-07,2026-07-06,국토교통부 분양권/입주권 실거래|청약홈 APT 분양정보
경기도,,시흥시,은행동,289-31,41390,경기도 시흥시 은행동 289-31번지 일원,시흥 은계 에피트,시흥 은계 에피트,,,,아파트,,입주예정,2026-10,,청약홈 APT 분양정보
경기도,,시흥시,은행동,694,41390,,신천역에피트아파트,신천역에피트아파트,,,,아파트,,분양권,,2026-07-09,국토교통부 분양권/입주권 실거래
경기도,,시흥시,정왕동,2715,41390,,시화MTV푸르지오디오션,시화MTV푸르지오디오션,,,,아파트,,분양권,,2026-07-10,국토교통부 분양권/입주권 실거래
경기도,,시흥시,정왕동,2,41390,경기도 시흥시 정왕동 2716(멀티테크노밸리(MTV) 주상-2),힐스테이트 더웨이브시티,힐스테이트 더웨이브시티,,,,아파트,,입주예정,2027-06,,청약홈 APT 분양정보
경기도,,시흥시,하중동,,41390,경기도 시흥시 하중동 시흥하중 A1블록,시흥하중 A1블록 신혼희망타운(공공분양),시흥하중 A1블록 신혼희망타운(공공분양),,,,아파트,600,입주예정,2029-03,,LH 청약플러스
경기도,,시흥시,하중동,,41390,경기도 시흥시 하중동 일원 시흥하중지구 내 A-4블록,시흥하중 A4블록 신혼희망타운(공공분양),시흥하중 A4블록 신혼희망타운(공공분양),,,시흥하중 A4블록 신혼희망타운(공공분양)(본청약),아파트,,입주예정,2028-07,,청약홈 APT 분양정보
경기도,,안산단원구,고잔동,674,41273,경기도 안산시 단원구 고잔동 674,롯데캐슬 시그니처 중앙,롯데캐슬 시그니처 중앙,,,,아파트,,분양권,2027-11,2026-06-30,국토교통부 분양권/입주권 실거래|청약홈 APT 분양정보
경기도,,안산단원구,고잔동,648,41273,경기도 안산시 단원구 고잔동 648,한화포레나 안산고잔2차,한화포레나 안산고잔2차,,,,아파트,,분양권,2026-09,2026-07-08,국토교통부 분양권/입주권 실거래|청약홈 APT 분양정보
경기도,,안산상록구,건건동,995,41271,,반월역동문디이스트,반월역동문디이스트,,,,아파트,,분양권,,2026-04-06,국토교통부 분양권/입주권 실거래
경기도,,안산상록구,건건동,894-10,41271,,반월역두산위브더센트럴,반월역두산위브더센트럴,,,,아파트,,분양권,,2025-11-19,국토교통부 분양권/입주권 실거래
경기도,,안성시,공도읍 만정리,889,41550,,라포르테공도,라포르테공도,,,,아파트,,분양권,,2026-05-22,국토교통부 분양권/입주권 실거래
경기도,,안성시,공도읍 양기리,635,41550,,안성우방아이유쉘에스티지,안성우방아이유쉘에스티지,,,,아파트,,분양권,,2026-07-03,국토교통부 분양권/입주권 실거래
경기도,,안성시,공도읍 용두리,763,41550,,안성공도센트럴카운티에듀파크아파트,안성공도센트럴카운티에듀파크아파트,,,,아파트,,분양권,,2026-03-24,국토교통부 분양권/입주권 실거래
경기도,,안성시,공도읍 진사리,29-13,41550,,해링턴 플레이스 진사(1BL),해링턴 플레이스 진사(1BL),,,,아파트,,분양권,,2026-06-14,국토교통부 분양권/입주권 실거래
경기도,,안성시,공도읍 진사리,748,41550,,해링턴플레이스진사1단지,해링턴플레이스진사1단지,,,,아파트,,분양권,,2026-07-16,국토교통부 분양권/입주권 실거래
경기도,,안성시,공도읍 진사리,33,41550,,해링턴 플레이스 진사(2BL),해링턴 플레이스 진사(2BL),,,,아파트,,분양권,,2026-05-26,국토교통부 분양권/입주권 실거래
경기도,,안성시,공도읍 진사리,754,41550,,해링턴플레이스진사2단지,해링턴플레이스진사2단지,,,,아파트,,분양권,,2026-07-15,국토교통부 분양권/입주권 실거래
경기도,,안성시,신소현동,BL-B-1,41550,경기도 안성시 안성당왕지구 B-1블록 공동주택용지,안성당왕 경남아너스빌 하이스트,안성당왕 경남아너스빌 하이스트,,,,아파트,,분양권,2027-03,2026-06-05,국토교통부 분양권/입주권 실거래|청약홈 APT 분양정보
경기도,,안성시,옥산동,659,41550,경기도 안성시 아양지구 B-2블록 (옥산동 659번지),안성 아양지구 B-2블록 금성백조 예미지,안성 아양지구 B-2블록 금성백조 예미지,,,,아파트,,입주예정,2028-06,,청약홈 APT 분양정보
경기도,,안성시,옥산동,,41550,경기도 안성시 옥산동 556(아양지구 B-3-1BL),안성 아양지구 B-3-1BL 영무예다음,안성 아양지구 B-3-1BL 영무예다음,,,,아파트,,입주예정,2028-05,,청약홈 APT 분양정보
경기도,,안성시,죽산면 죽산리,790,41550,,안성 하우스토리 퍼스트시티,안성 하우스토리 퍼스트시티,,,,아파트,,분양권,,2026-07-01,국토교통부 분양권/입주권 실거래
경기도,,안양동안구,비산3동,354-10,41173,경기도 안양시 동안구 비산3동 354-10번지,평촌자이 퍼스니티,평촌자이 퍼스니티,,,,아파트,,분양권,2027-12,2026-06-17,국토교통부 분양권/입주권 실거래|청약홈 APT 분양정보
경기도,,안양동안구,비산동,281-1,41173,,평촌엘프라우드,평촌엘프라우드,,,,아파트,,분양권,,2026-06-03,국토교통부 분양권/입주권 실거래
경기도,,안양동안구,호계동,533-3,41173,경기도 안양시 동안구 호계동 533-3번지,e편한세상 평촌 어반밸리,e편한세상 평촌 어반밸리,,,,아파트,,분양권,2026-10,2026-07-01,국토교통부 분양권/입주권 실거래|청약홈 APT 분양정보
경기도,,안양동안구,호계동,915,41173,,아크로 베스티뉴,아크로 베스티뉴,,,,아파트,,분양권,,2026-01-22,국토교통부 분양권/입주권 실거래
경기도,,안양동안구,호계동,651-1,41173,,평촌 두산위브 더 프라임,평촌 두산위브 더 프라임,,,평촌두산위브더프라임아파트,아파트,,분양권,,2026-04-03,국토교통부 분양권/입주권 실거래
경기도,,안양동안구,호계동,929,41173,,평촌 트리지아,평촌 트리지아,,,,아파트,,분양권,,2025-12-08,국토교통부 분양권/입주권 실거래
경기도,,안양만안구,박달2동,111-1,41171,경기도 안양시 만안구 박달2동 111-1번지 일원,호현 센트럴 아이파크,호현 센트럴 아이파크,,,,아파트,,입주예정,2028-05,,청약홈 APT 분양정보
경기도,,안양만안구,석수동,284-1,41171,경기도 안양시 만안구 석수동 284-1,만안역 중앙하이츠 포레,만안역 중앙하이츠 포레,,,,아파트,,입주예정,2028-01,,청약홈 APT 분양정보
경기도,,안양만안구,석수동,348,41171,,안양자이 더 포레스트,안양자이 더 포레스트,,,,아파트,,분양권,,2026-06-16,국토교통부 분양권/입주권 실거래
경기도,,안양만안구,안양동,618,41171,,안양 어반포레 자연앤 e편한세상,안양 어반포레 자연앤 e편한세상,,,,아파트,,분양권,,2026-04-28,국토교통부 분양권/입주권 실거래
경기도,,안양만안구,안양동,841-5,41171,,안양역 센트럴 아이파크 수자인,안양역 센트럴 아이파크 수자인,,,,아파트,,분양권,,2026-04-10,국토교통부 분양권/입주권 실거래
경기도,,안양만안구,안양동,97-3,41171,,안양역 푸르지오 더샵,안양역 푸르지오 더샵,,,,아파트,,분양권,,2026-04-10,국토교통부 분양권/입주권 실거래
경기도,,안양만안구,안양동,398-32,41171,경기도 안양시 만안구 안양동 398-32번지 일원,안양자이 헤리티온,안양자이 헤리티온,,,,아파트,,분양권,2029-09,2026-06-20,국토교통부 분양권/입주권 실거래|청약홈 APT 분양정보
경기도,,양주시,,,41630,경기도 양주시 양주회천지구 A12BL,회천중앙역 대광로제비앙,회천중앙역 대광로제비앙,,,회천중앙역 대광로제비앙(본청약),아파트,,입주예정,2026-09,,청약홈 APT 분양정보
경기도,,양주시,,,41630,경기도 양주시 회천지구 A10-1BL,회천중앙역 파라곤,회천중앙역 파라곤,,,,아파트,,입주예정,2028-02,,청약홈 APT 분양정보
경기도,,양주시,남방동,592,41630,경기도 양주시 남방동 592번지 (양주역세권 도시개발사업 지구단위계획 내 M블록),양주역 제일풍경채 위너스카이,양주역 제일풍경채 위너스카이,,,,아파트,,분양권,2029-01,2026-07-06,국토교통부 분양권/입주권 실거래|청약홈 APT 분양정보
경기도,,양주시,남방동,600,41630,경기도 양주시 남방동 600번지 (양주역세권 도시개발사업 지구단위계획 내 공동5(a1) 블록),양주역 푸르지오 센터파크,양주역 푸르지오 센터파크,,,,아파트,,분양권,2028-02,2026-06-29,국토교통부 분양권/입주권 실거래|청약홈 APT 분양정보
경기도,,양주시,덕계동,707-1,41630,경기도 양주시 덕계동 707-1번지 일원,덕계역 한신더휴 포레스트,덕계역 한신더휴 포레스트,,,,아파트,,분양권,2027-12,2026-01-27,국토교통부 분양권/입주권 실거래|청약홈 APT 분양정보
경기도,,양주시,덕계동,152,41630,경기도 양주시 덕계동 152번지 일원(양주 덕계공업지구 특별계획구역 복합용지 2BL),지웰 엘리움 양주 덕계역,지웰 엘리움 양주 덕계역,,,,아파트,,분양권,2029-04,2026-07-09,국토교통부 분양권/입주권 실거래|청약홈 APT 분양정보
경기도,,양주시,덕정동,543,41630,,덕정역서희스타힐스에듀포레뷰,덕정역서희스타힐스에듀포레뷰,,,,아파트,,분양권,,2026-01-29,국토교통부 분양권/입주권 실거래
경기도,,양주시,복지리,279-1,41630,경기도 양주시 백석읍 복지리 279-1일원,양주 백석 모아엘가 그랑데,양주 백석 모아엘가 그랑데,,,,아파트,,분양권,2027-10,2026-07-14,국토교통부 분양권/입주권 실거래|청약홈 APT 분양정보
경기도,,양주시,삼숭동,187-47,41630,,더 플래티넘 센트럴포레,더 플래티넘 센트럴포레,,,,아파트,,분양권,,2026-06-17,국토교통부 분양권/입주권 실거래
경기도,,양주시,용암리,784-8,41630,경기도 양주시 은현면 용암리 784-8번지 일원,양주 용암 영무 예다음 더퍼스트,양주 용암 영무 예다음 더퍼스트,,,,아파트,,입주예정,2027-11,,청약홈 APT 분양정보
경기도,,양주시,회정동,194-1,41630,,양주 덕정역 한라비발디 퍼스티어,양주 덕정역 한라비발디 퍼스티어,,,,아파트,,분양권,,2026-07-10,국토교통부 분양권/입주권 실거래
경기도,,양주시,회정동,,41630,경기도 양주시 회정동 양주신도시 회천지구 A11블록,회천중앙역 로제비앙 그랜드센텀,회천중앙역 로제비앙 그랜드센텀,,,,아파트,,입주예정,2026-12,,청약홈 APT 분양정보
경기도,,양평군,덕평리,661-7,41830,경기도 양평군 양평읍 덕평리 661-7 일원,양평 하늘채 센트로힐스,양평 하늘채 센트로힐스,,,,아파트,,분양권,2027-03,2026-07-14,국토교통부 분양권/입주권 실거래|청약홈 APT 분양정보
경기도,,양평군,양서면 용담리,242-5,41830,,양수역이지움리버뷰,양수역이지움리버뷰,,,,아파트,,분양권,,2026-02-27,국토교통부 분양권/입주권 실거래
경기도,,양평군,오빈리,140-1,41830,경기도 양평군 양평읍 오빈리 140-1번지 일원,효성해링턴 플레이스 양평,효성해링턴 플레이스 양평,,,,아파트,,분양권,2028-04,2026-07-14,국토교통부 분양권/입주권 실거래|청약홈 APT 분양정보
경기도,,여주시,교동,500-118,41670,경기도 여주시 교동 500-118번지 일원,여주역자이 헤리티지,여주역자이 헤리티지,,,,아파트,,분양권,2027-06,2026-07-04,국토교통부 분양권/입주권 실거래|청약홈 APT 분양정보
경기도,,여주시,홍문동,336-2,41670,경기도 여주시 홍문동 336-2번지 일원,여주역 로제비앙 더센텀,여주역 로제비앙 더센텀,,,,아파트,,입주예정,2028-04,,청약홈 APT 분양정보
경기도,,연천군,전곡읍 전곡리,82,41800,,전곡제일풍경채리버파크,전곡제일풍경채리버파크,,,,아파트,,분양권,,2026-06-23,국토교통부 분양권/입주권 실거래
경기도,,오산시,가수동,,41370,경기도 오산시 가수동 449번지(오산세교2지구 A8BL),오산역 금강펜테리움 센트럴파크(A8블록),오산역 금강펜테리움 센트럴파크(A8블록),,,,아파트,,입주예정,2026-10,,청약홈 APT 분양정보
경기도,,오산시,궐동,684-2,41370,,오산세교하우스토리더센트럴,오산세교하우스토리더센트럴,,,,아파트,,분양권,,2026-03-12,국토교통부 분양권/입주권 실거래
경기도,,오산시,내삼미동,905,41370,,북오산자이 리버블시티,북오산자이 리버블시티,,,,아파트,,분양권,,2026-07-07,국토교통부 분양권/입주권 실거래
경기도,,오산시,벌음동,382,41370,경기도 오산시 벌음동 382번지 일원(오산세교2 택지개발지구 A12BL),오산 세교2지구 A12블록 공공분양주택,오산 세교2지구 A12블록 공공분양주택,,,오산 세교2지구 A12블록 공공분양주택 입주자모집,아파트,,입주예정,2027-11,,청약홈 APT 분양정보
경기도,,오산시,벌음동,149,41370,경기도 오산시 벌음동 149 일원(오산세교2지구 A20블록),오산세교 힐데스하임(A20블록),오산세교 힐데스하임(A20블록),,,오산세교 힐데스하임(A20블록)(본청약),아파트,,입주예정,2027-02,,청약홈 APT 분양정보
경기도,,오산시,서동,40-2,41370,경기도 오산시 서동 40-2번지 일원(서2구역),오산 세교 우미 린 레이크시티,오산 세교 우미 린 레이크시티,,,,아파트,,분양권,2029-07,2026-07-11,국토교통부 분양권/입주권 실거래|청약홈 APT 분양정보
경기도,,오산시,양산동,95,41370,경기도 오산시 양산동 95번지 일원,롯데캐슬 위너스포레,롯데캐슬 위너스포레,,,,아파트,,분양권,2027-08,2026-07-11,국토교통부 분양권/입주권 실거래|청약홈 APT 분양정보
경기도,,오산시,양산동,10-2,41370,경기도 오산시 양산동 10-2번지 일원,힐스테이트 오산더클래스,힐스테이트 오산더클래스,,,,아파트,,분양권,2027-08,2026-06-22,국토교통부 분양권/입주권 실거래|청약홈 APT 분양정보
경기도,,용인기흥구,서천동,335-2,41463,경기도 용인시 기흥구 서천동 335-2번지 일원,영통역자이 프라시엘,영통역자이 프라시엘,,,,아파트,,분양권,2026-12,2026-06-29,국토교통부 분양권/입주권 실거래|청약홈 APT 분양정보
경기도,,용인수지구,동천동,181-1,41465,,동천역자이르네,동천역자이르네,,,,아파트,,분양권,,2026-03-04,국토교통부 분양권/입주권 실거래
경기도,,용인수지구,동천동,971,41465,,동천트리너스,동천트리너스,,,,아파트,,분양권,,2026-05-22,국토교통부 분양권/입주권 실거래
경기도,,용인수지구,죽전동,산27-1,41465,,e편한세상죽전프리미어포레,e편한세상죽전프리미어포레,,,,아파트,,분양권,,2026-01-07,국토교통부 분양권/입주권 실거래
경기도,,용인처인구,고림동,646-2,41461,경기도 용인고림지구 H5BL(경기도 용인시 처인구 고림동 646-2 일원),용인 고진역 대광로제비앙,용인 고진역 대광로제비앙,,,,아파트,,분양권,2028-07,2026-07-06,국토교통부 분양권/입주권 실거래|청약홈 APT 분양정보
경기도,,용인처인구,금어리,646,41461,경기도 용인시 처인구 포곡읍 금어리 646번지 일원,용인 둔전역 에피트,용인 둔전역 에피트,,,,아파트,,분양권,2027-07,2026-07-07,국토교통부 분양권/입주권 실거래|청약홈 APT 분양정보
경기도,,용인처인구,남동,산126-13,41461,경기도 용인시 처인구 남동 산126-13일원(A1BL),용인 푸르지오 원클러스터 1단지,용인 푸르지오 원클러스터 1단지,,,,아파트,,분양권,2027-08,2026-07-15,국토교통부 분양권/입주권 실거래|청약홈 APT 분양정보
경기도,,용인처인구,남동,산126-1,41461,경기도 용인시 처인구 남동 산 126-1일원 (A2BL),용인 푸르지오 원클러스터 2단지,용인 푸르지오 원클러스터 2단지,,,,아파트,,분양권,2028-02,2026-07-07,국토교통부 분양권/입주권 실거래|청약홈 APT 분양정보
경기도,,용인처인구,남동,243,41461,경기도 용인시 처인구 남동 243일원 (A3BL),용인 푸르지오 원클러스터 3단지,용인 푸르지오 원클러스터 3단지,,,,아파트,,분양권,2028-02,2026-04-29,국토교통부 분양권/입주권 실거래|청약홈 APT 분양정보
경기도,,용인처인구,모현읍 왕산리,953,41461,,힐스테이트몬테로이1단지,힐스테이트몬테로이1단지,,,,아파트,,분양권,,2025-09-01,국토교통부 분양권/입주권 실거래
경기도,,용인처인구,모현읍 왕산리,954,41461,,힐스테이트몬테로이2단지,힐스테이트몬테로이2단지,,,,아파트,,분양권,,2025-08-28,국토교통부 분양권/입주권 실거래
경기도,,용인처인구,모현읍 왕산리,955,41461,,힐스테이트몬테로이3단지,힐스테이트몬테로이3단지,,,,아파트,,분양권,,2025-08-26,국토교통부 분양권/입주권 실거래
경기도,,용인처인구,삼가동,174,41461,경기도 용인시 처인구 삼가동 174번지 일원,두산위브더제니스 센트럴 용인,두산위브더제니스 센트럴 용인,,,,아파트,,분양권,2027-03,2026-07-13,국토교통부 분양권/입주권 실거래|청약홈 APT 분양정보
경기도,,용인처인구,아곡리,705,41461,경기도 용인시 처인구 남사읍 아곡리 705번지,힐스테이트 용인마크밸리,힐스테이트 용인마크밸리,,,,아파트,,분양권,2027-12,2026-07-07,국토교통부 분양권/입주권 실거래|청약홈 APT 분양정보
경기도,,용인처인구,양지면,713,41461,경기도 용인시 처인구 양지면 양지리713(양지지구1BL),클러스터용인 경남아너스빌,클러스터용인 경남아너스빌,,,,아파트,,분양권,2028-12,2026-07-01,국토교통부 분양권/입주권 실거래|청약홈 APT 분양정보
경기도,,용인처인구,양지읍 남곡리,901,41461,,용인경남아너스빌디센트1단지,용인경남아너스빌디센트1단지,,,,아파트,,분양권,,2026-03-18,국토교통부 분양권/입주권 실거래
경기도,,용인처인구,양지읍 남곡리,902,41461,,용인경남아너스빌디센트2단지,용인경남아너스빌디센트2단지,,,,아파트,,분양권,,2026-07-02,국토교통부 분양권/입주권 실거래
경기도,,용인처인구,양지읍 남곡리,903,41461,,용인경남아너스빌디센트3단지,용인경남아너스빌디센트3단지,,,,아파트,,분양권,,2025-11-29,국토교통부 분양권/입주권 실거래
경기도,,용인처인구,양지읍 양지리,산97-12,41461,,용인 푸르지오 원클러스터파크,용인 푸르지오 원클러스터파크,,,,아파트,,분양권,,2026-07-14,국토교통부 분양권/입주권 실거래
경기도,,용인처인구,역북동,89-25,41461,경기도 용인시 처인구 역북동 89-25번지 일원,역북 서희스타힐스 프라임시티,역북 서희스타힐스 프라임시티,,,,아파트,,분양권,2027-03,2026-03-20,국토교통부 분양권/입주권 실거래|청약홈 APT 분양정보
경기도,,용인처인구,역북동,811,41461,,용인 푸르지오 클루센트,용인 푸르지오 클루센트,,,,아파트,,분양권,,2026-07-13,국토교통부 분양권/입주권 실거래
경기도,,용인처인구,전대리,192-2,41461,경기도 용인시 처인구 포곡읍 전대리 192-2외 5필지,용인 에버랜드역 칸타빌,용인 에버랜드역 칸타빌,,,,아파트,,분양권,2026-11,2026-06-25,국토교통부 분양권/입주권 실거래|청약홈 APT 분양정보
경기도,,의왕시,고천동,265,41430,경기도 의왕시 고천동 265번지 일원,의왕시청역 SK VIEW IPARK,의왕시청역 SK VIEW IPARK,,,,아파트,,분양권,2030-01,2026-06-05,국토교통부 분양권/입주권 실거래|청약홈 APT 분양정보
경기도,,의왕시,내손동,683,41430,,인덕원 자이 SK VIEW,인덕원 자이 SK VIEW,,,,아파트,,분양권,,2026-05-21,국토교통부 분양권/입주권 실거래
경기도,,의왕시,내손동,661,41430,,인덕원 퍼스비엘,인덕원 퍼스비엘,,,,아파트,2180,분양권,,2026-07-06,국토교통부 분양권/입주권 실거래
경기도,,의왕시,오전동,32-4,41430,경기도 의왕시 오전동 32-4번지,의왕 센트라인 데시앙,의왕 센트라인 데시앙,,,,아파트,,분양권,2026-11,2026-07-07,국토교통부 분양권/입주권 실거래|청약홈 APT 분양정보
경기도,,의왕시,월암동,,41430,경기도 의왕시 월암동 일원 의왕월암 공공주택지구 내 A-1블록,의왕월암 A-1블록 신혼희망타운(공공분양),의왕월암 A-1블록 신혼희망타운(공공분양),,,의왕월암 A-1블록 신혼희망타운(공공분양)(본청약)|의왕월암 A-1블록 신혼희망타운(공공분양) 추가입주자 모집,아파트,,입주예정,2027-11,,청약홈 APT 분양정보
경기도,,의왕시,월암동,,41430,경기도 의왕시 월암동 일원 의왕월암 공공주택지구 내 A-3블록,의왕월암 A-3블록 신혼희망타운(공공분양),의왕월암 A-3블록 신혼희망타운(공공분양),,,의왕월암 A-3블록 신혼희망타운(공공분양)(본청약)|의왕월암 A-3블록 신혼희망타운(공공분양) 추가입주자 모집,아파트,,입주예정,2028-04,,청약홈 APT 분양정보
경기도,,의왕시,월암동,,41430,경기도 의왕시 월암동 공공주택지구 B2블록(경기도 의왕시 월암동 219-3일원),의왕 월암지구 대방 디에트르 레이크파크,의왕 월암지구 대방 디에트르 레이크파크,,,,아파트,,입주예정,2027-12,,청약홈 APT 분양정보
경기도,,의왕시,청계동,2,41430,경기도 의왕시 청계동 포일동 일원 의왕청계2 공공주택지구 내 A1블록,의왕청계2 A1블록 신혼희망타운(공공분양),의왕청계2 A1블록 신혼희망타운(공공분양),,,의왕청계2 A1블록 신혼희망타운(공공분양)(본청약),아파트,,입주예정,2028-04,,청약홈 APT 분양정보
경기도,,의정부시,금오동,26-19,41150,경기도 의정부시 금오동 산 26-19번지 일원,의정부 롯데캐슬 나리벡시티,의정부 롯데캐슬 나리벡시티,,,,아파트,,분양권,2027-11,2026-06-26,국토교통부 분양권/입주권 실거래|청약홈 APT 분양정보
경기도,,의정부시,금오동,369-1,41150,경기도 의정부시 금오동 369-1일원,의정부 푸르지오 클라시엘,의정부 푸르지오 클라시엘,,,,아파트,,분양권,2027-12,2026-06-10,국토교통부 분양권/입주권 실거래|청약홈 APT 분양정보
경기도,,의정부시,금오동,65-3,41150,,힐스테이트 금오 더퍼스트,힐스테이트 금오 더퍼스트,,,,아파트,,분양권,,2026-07-10,국토교통부 분양권/입주권 실거래
경기도,,의정부시,녹양동,,41150,경기도 의정부시 녹양동 일원 의정부우정 공공주택지구 내 A-1블록,의정부우정 A1블록 공공분양주택,의정부우정 A1블록 공공분양주택,,,의정부우정 A1블록 공공분양주택(본청약),아파트,538,입주예정,2028-06,,LH 청약플러스|청약홈 APT 분양정보
경기도,,의정부시,신곡동,435-3,41150,경기도 의정부시 신곡동 435-3번지 일대,e편한세상 신곡 시그니처뷰,e편한세상 신곡 시그니처뷰,,,,아파트,,분양권,2026-09,2026-07-07,국토교통부 분양권/입주권 실거래|청약홈 APT 분양정보
경기도,,의정부시,용현동,267-8,41150,경기도 의정부시 용현동 267-8번지 일원,탑석 푸르지오 파크7,탑석 푸르지오 파크7,,,,아파트,,입주예정,2029-03,,청약홈 APT 분양정보
경기도,,의정부시,용현동,산32,41150,,힐스테이트 탑석,힐스테이트 탑석,,,,아파트,,분양권,,2026-01-28,국토교통부 분양권/입주권 실거래
경기도,,의정부시,의정부동,248-3,41150,경기도 의정부시 의정부동 248-3번지 일원,더샵 의정부역 링크시티,더샵 의정부역 링크시티,,,,아파트,,분양권,2027-10,2026-06-28,국토교통부 분양권/입주권 실거래|청약홈 APT 분양정보
경기도,,의정부시,의정부동,100-1,41150,경기도 의정부시 의정부동 100-1 100-2번,의정부역 파밀리에Ⅱ,의정부역 파밀리에Ⅱ,,,,아파트,,입주예정,2026-07,,청약홈 APT 분양정보
경기도,,이천시,백사면 모전리,1-11,41500,,신안실크밸리더포레,신안실크밸리더포레,,,,아파트,,분양권,,2026-04-28,국토교통부 분양권/입주권 실거래
경기도,,이천시,송정동,31,41500,경기도 이천시 송정동 산31번지 일원,이천자이 더 레브,이천자이 더 레브,,,,아파트,,분양권,2027-04,2026-06-16,국토교통부 분양권/입주권 실거래|청약홈 APT 분양정보
경기도,,이천시,아미리,111,41500,경기도 이천시 부발읍 아미리 산111 일원,부발역 에피트 에디션,부발역 에피트 에디션,,,,아파트,,분양권,2028-02,2026-07-07,국토교통부 분양권/입주권 실거래|청약홈 APT 분양정보
경기도,,이천시,아미리,737-6,41500,경기도 이천시 부발읍 아미리 737-6번지 일원,이천 부발역 에피트,이천 부발역 에피트,,,,아파트,,분양권,2028-05,2026-06-14,국토교통부 분양권/입주권 실거래|청약홈 APT 분양정보
경기도,,이천시,안흥동,284-2,41500,경기도 이천시 안흥동 284-2번지 일원,이천 롯데캐슬 센트럴 페라즈 스카이,이천 롯데캐슬 센트럴 페라즈 스카이,,,,아파트,,분양권,2027-09,2026-07-16,국토교통부 분양권/입주권 실거래|청약홈 APT 분양정보
경기도,,이천시,안흥동,270,41500,,이천 빌리브 어바인시티 1BL,이천 빌리브 어바인시티 1BL,,,이천빌리브어바인시티1단지,아파트,,분양권,,2026-07-04,국토교통부 분양권/입주권 실거래
경기도,,이천시,안흥동,272-6,41500,,이천빌리브어바인시티2단지,이천빌리브어바인시티2단지,,,,아파트,,분양권,,2026-06-29,국토교통부 분양권/입주권 실거래
경기도,,이천시,안흥동,279-1,41500,경기도 이천시 안흥동 279-1번지 일원,이천 서희스타힐스 SKY,이천 서희스타힐스 SKY,,,이천 서희스타힐스 SKY (조합원 취소분),아파트,,분양권,2029-01,2026-06-24,국토교통부 분양권/입주권 실거래|청약홈 APT 분양정보
경기도,,이천시,안흥동,320-1,41500,,이천센트레빌레이크뷰,이천센트레빌레이크뷰,,,,아파트,,분양권,,2026-03-20,국토교통부 분양권/입주권 실거래
경기도,,이천시,증일동,,41500,경기도 이천시 증일동 중리택지개발지구 A2블록,이천 중리지구 A-2블록 신안인스빌 퍼스티지,이천 중리지구 A-2블록 신안인스빌 퍼스티지,,,,아파트,,입주예정,2026-11,,청약홈 APT 분양정보
경기도,,이천시,증일동,79-4,41500,경기도 이천시 증일동 79-4번지 일원,힐스테이트 이천역 1단지,힐스테이트 이천역 1단지,,,,아파트,,분양권,2026-07,2026-07-02,국토교통부 분양권/입주권 실거래|청약홈 APT 분양정보
경기도,,이천시,증일동,60-5,41500,경기도 이천시 증일동 60-5번지 일원,힐스테이트 이천역 2단지,힐스테이트 이천역 2단지,,,,아파트,,분양권,2026-07,2026-07-13,국토교통부 분양권/입주권 실거래|청약홈 APT 분양정보
경기도,,이천시,증포동,323-20,41500,경기도 이천시 증포동 323-20번지 일원,이천자이 더 리체,이천자이 더 리체,,,,아파트,,분양권,2026-08,2026-07-06,국토교통부 분양권/입주권 실거래|청약홈 APT 분양정보
경기도,,파주시,,,41480,경기도 파주시 운정3지구 A21BL,파주 운정신도시 우미 린 더 센텀,파주 운정신도시 우미 린 더 센텀,,,,아파트,,입주예정,2026-08,,청약홈 APT 분양정보
경기도,,파주시,다율동,1005,41480,,중흥S-클래스에듀하이해오름마을1단지,중흥S-클래스에듀하이해오름마을1단지,,,,아파트,,분양권,,2026-04-09,국토교통부 분양권/입주권 실거래
경기도,,파주시,동패동,415-13,41480,경기도 파주시 운정3지구 A46BL (경기도 파주시 동패동 415-13번지 일원),운정3 제일풍경채(A46BL),운정3 제일풍경채(A46BL),,,운정3 제일풍경채(A46BL) (본청약),아파트,,입주예정,2026-10,,청약홈 APT 분양정보
경기도,,파주시,동패동,2262,41480,,운정자이시그니처,운정자이시그니처,,,,아파트,,분양권,,2026-07-11,국토교통부 분양권/입주권 실거래
경기도,,파주시,동패동,3,41480,경기도 파주시 동패동 일원 파주운정3 택지개발지구내 A22블록,파주운정3 A22블록 공공분양주택,파주운정3 A22블록 공공분양주택,,,파주 운정3 이지더원(A44BL)|파주운정3 A22블록 공공분양주택(본청약),아파트,,입주예정,2026-09,,청약홈 APT 분양정보
경기도,,파주시,동패동,110,41480,경기도 파주시 동패동 산110 일원,파주 운정3지구 주상복합용지 1BL,파주 운정3지구 주상복합용지 1BL,,,파주 운정3지구 주상복합용지 1BL(사전청약)|파주 운정3지구 주상복합용지 2BL (사전청약),아파트,,입주예정,2027-05,,청약홈 APT 분양정보
경기도,,파주시,동패동,1673,41480,경기도 파주시 파주운정3지구 주상복합 3블록(경기도 파주시 동패동 1673번지 일원),파주 운정3지구 주상복합용지 3BL,파주 운정3지구 주상복합용지 3BL,,,파주 운정3지구 주상복합용지 3BL (사전청약),아파트,,입주예정,2026-08,,청약홈 APT 분양정보
경기도,,파주시,동패동,400-7,41480,경기도 파주시 파주운정3지구 주상복합 4블록(경기도 파주시 동패동 400-7번지 일원),파주 운정3지구 주상복합용지 4BL,파주 운정3지구 주상복합용지 4BL,,,파주 운정3지구 주상복합용지 4BL (사전청약),아파트,,입주예정,2026-08,,청약홈 APT 분양정보
경기도,,파주시,동패동,80-1,41480,경기도 파주시 동패동 산80-1번지 일원,파주 운정3지구 주상복합용지 5BL,파주 운정3지구 주상복합용지 5BL,,,파주 운정3지구 주상복합용지 5BL (사전청약),아파트,,입주예정,2027-05,,청약홈 APT 분양정보
경기도,,파주시,동패동,115-1,41480,경기도 파주시 동패동 산115-1번지 일원,파주 운정3지구 주상복합용지 6BL,파주 운정3지구 주상복합용지 6BL,,,파주 운정3지구 주상복합용지 6BL (사전청약),아파트,,입주예정,2027-05,,청약홈 APT 분양정보
경기도,,파주시,목동동,363,41480,경기도 파주시 운정3지구 A45블록(경기도 파주시 목동동 363번지 일원),제일풍경채 운정,제일풍경채 운정,,,,아파트,,입주예정,2027-04,,청약홈 APT 분양정보
경기도,,파주시,목동동,3,41480,경기도 파주시 목동동 일원 파주운정3 A20블록,파주운정3 지구 A20블록 공공분양주택,파주운정3 지구 A20블록 공공분양주택,,,파주운정3 지구 A20블록 공공분양주택(본청약),아파트,,입주예정,2027-08,,청약홈 APT 분양정보
경기도,,파주시,문산리,81-61,41480,경기도 파주시 문산읍 문산리 81-61번지 일원,문산역3차 동문 디 이스트 센트럴,문산역3차 동문 디 이스트 센트럴,,,,아파트,,분양권,2027-11,2026-06-24,국토교통부 분양권/입주권 실거래|청약홈 APT 분양정보
경기도,,파주시,서패동,432,41480,파주메디컬클러스터 도시개발구역 A2BL (경기도 파주시 서패동 432번지 일원),운정 아이파크 시티,운정 아이파크 시티,,,,아파트,,분양권,2028-12,2026-07-09,국토교통부 분양권/입주권 실거래|청약홈 APT 분양정보
경기도,,파주시,와동동,1471-2,41480,,힐스테이트더운정,힐스테이트더운정,,,,아파트,,분양권,,2026-06-05,국토교통부 분양권/입주권 실거래
경기도,,평택시,,,41220,경기도 평택시 고덕국제화계획지구 A-48블록,평택 고덕국제신도시 A48블록 금성백조 예미지,평택 고덕국제신도시 A48블록 금성백조 예미지,,,,아파트,,입주예정,2026-08,,청약홈 APT 분양정보
경기도,,평택시,가재동,가-,41220,,지제역반도체밸리풍경채어바니티,지제역반도체밸리풍경채어바니티,,,,아파트,,분양권,,2026-07-05,국토교통부 분양권/입주권 실거래
경기도,,평택시,갈곶리,239-60,41220,경기도 평택시 진위면 갈곶리 239-60번지 일원,진위역 서희스타힐스 더 파크뷰,진위역 서희스타힐스 더 파크뷰,,,진위역 서희스타힐스 더 파크뷰(3차),아파트,,분양권,2027-02,2026-07-12,국토교통부 분양권/입주권 실거래|청약홈 APT 분양정보
경기도,,평택시,고덕동,2394-2,41220,경기도 평택시 고덕동 2394-2,고덕국제신도시 서한이다음 그레이튼,고덕국제신도시 서한이다음 그레이튼,,,,아파트,,입주예정,2027-05,,청약홈 APT 분양정보
경기도,,평택시,고덕동,1858-2,41220,경기도 평택시 고덕동 1858-2,고덕 자연앤 하우스디(A4BL),고덕 자연앤 하우스디(A4BL),,,고덕 자연앤 하우스디(A4BL)(국민)|고덕 자연앤 하우스디(A4BL)(민영),아파트,,입주예정,2028-02,,청약홈 APT 분양정보
경기도,,평택시,공동,450-2,41220,경기도 평택시 가재지구 도시개발사업 공동 1BL,지제역 반도체밸리 쌍용더플래티넘,지제역 반도체밸리 쌍용더플래티넘,,,,아파트,,분양권,2027-01,2026-07-07,국토교통부 분양권/입주권 실거래|청약홈 APT 분양정보
경기도,,평택시,공동,BL-3BL,41220,경기도 평택시 가재지구 도시개발사업 공동 3BL (가재동),지제역 반도체밸리 해링턴 플레이스,지제역 반도체밸리 해링턴 플레이스,,,,아파트,,분양권,2027-02,2026-06-20,국토교통부 분양권/입주권 실거래|청약홈 APT 분양정보
경기도,,평택시,공동,,41220,경기도 평택시 브레인시티 일반산업단지 공동 10BL 공동주택용지,평택 브레인시티 10BL 앤네이처 미래도,평택 브레인시티 10BL 앤네이처 미래도,,,,아파트,,입주예정,2028-07,,청약홈 APT 분양정보
경기도,,평택시,공동,,41220,경기도 평택시 평택브레인시티 일반산업단지 공동 8BL,평택 브레인시티 수자인,평택 브레인시티 수자인,,,,아파트,,입주예정,2027-12,,청약홈 APT 분양정보
경기도,,평택시,운정리,150-1,41220,경기도 평택시 화양지구 6-2BL(경기도 평택시 현덕면 운정리 150-1번지 일원),평택 화양 동문 디 이스트,평택 화양 동문 디 이스트,,,,아파트,,분양권,2026-11,2026-04-22,국토교통부 분양권/입주권 실거래|청약홈 APT 분양정보
경기도,,평택시,장당동,산30-9,41220,,지제역 반도체밸리 제일풍경채 2블록,지제역 반도체밸리 제일풍경채 2블록,,,,아파트,,분양권,,2026-07-01,국토교통부 분양권/입주권 실거래
경기도,,평택시,장당동,683,41220,,평택석정공원화성파크드림,평택석정공원화성파크드림,,,,아파트,,분양권,,2026-07-14,국토교통부 분양권/입주권 실거래
경기도,,평택시,장안동,,41220,경기도 평택시 장안동 평택브레인시티 일반산업단지 공동6BL,브레인시티 메디스파크 로제비앙 모아엘가,브레인시티 메디스파크 로제비앙 모아엘가,,,,아파트,,입주예정,2028-05,,청약홈 APT 분양정보
경기도,,평택시,장안동,,41220,경기도 평택시 장안동 평택브레인시티 일반산업단지 공동4BL,브레인시티 비스타동원,브레인시티 비스타동원,,,,아파트,,입주예정,2028-12,,청약홈 APT 분양정보
경기도,,평택시,장안동,,41220,경기도 평택시 장안동 평택브레인시티 일반산업단지 공동3블럭,브레인시티 푸르지오,브레인시티 푸르지오,,,,아파트,,입주예정,2028-04,,청약홈 APT 분양정보
경기도,,평택시,장안동,,41220,경기도 평택시 장안동 평택브레인시티 일반산업단지 공동2BL,평택 브레인시티 2BL 대광로제비앙 모아엘가,평택 브레인시티 2BL 대광로제비앙 모아엘가,,,,아파트,,입주예정,2026-08,,청약홈 APT 분양정보
경기도,,평택시,장안동,,41220,경기도 평택시 장안동 평택브레인시티 일반산업단지 공동5BL,평택 브레인시티 5BL 대광로제비앙 그랜드센텀,평택 브레인시티 5BL 대광로제비앙 그랜드센텀,,,,아파트,,입주예정,2027-01,,청약홈 APT 분양정보
경기도,,평택시,장안동,,41220,경기도 평택시 장안동 평택브레인시티 일반산업단지 공동1BL,평택 브레인시티 중흥S-클래스,평택 브레인시티 중흥S-클래스,,,,아파트,,입주예정,2027-02,,청약홈 APT 분양정보
경기도,,평택시,장안동,,41220,경기도 평택시 장안동 평택브레인시티 일반산업단지 공동 7BL,평택 브레인시티 한신더휴,평택 브레인시티 한신더휴,,,,아파트,,입주예정,2028-01,,청약홈 APT 분양정보
경기도,,평택시,통복동,108-3,41220,경기도 평택시 통복동 108-3번지 일원,더 플래티넘 스카이헤론,더 플래티넘 스카이헤론,,,,아파트,,분양권,2028-06,2026-07-07,국토교통부 분양권/입주권 실거래|청약홈 APT 분양정보
경기도,,평택시,통복동,767,41220,,평택역경남아너스빌디아트,평택역경남아너스빌디아트,,,,아파트,,분양권,,2026-02-13,국토교통부 분양권/입주권 실거래
경기도,,평택시,팽성읍 송화리,123,41220,,더 플래티넘 파인애비뉴,더 플래티넘 파인애비뉴,,,,아파트,,분양권,,2025-12-10,국토교통부 분양권/입주권 실거래
경기도,,평택시,합정동,835,41220,경기도 평택시 합정동 835번지 일원,힐스테이트 평택역센트럴시티,힐스테이트 평택역센트럴시티,,,,아파트,,분양권,2028-01,2026-07-02,국토교통부 분양권/입주권 실거래|청약홈 APT 분양정보
경기도,,평택시,현덕면,BL-9-2BL,41220,경기도 평택시 현덕면 평택 화양지구 도시개발사업 9-2BL,평택 푸르지오 센터파인,평택 푸르지오 센터파인,,,,아파트,,분양권,2026-11,2026-07-13,국토교통부 분양권/입주권 실거래|청약홈 APT 분양정보
경기도,,평택시,현덕면 화양리,BL-2-1,41220,,e편한세상 평택 라씨엘로(2-1BL),e편한세상 평택 라씨엘로(2-1BL),,,힐스테이트 평택 화양|힐스테이트평택화양|e편한세상평택라씨엘로|e편한세상평택하이센트|평택화양휴먼빌퍼스트시티아파트,아파트,,분양권,,2026-07-14,국토교통부 분양권/입주권 실거래
경기도,,평택시,현덕면 화양리,BL-4,41220,,e편한세상 평택 하이센트(4BL),e편한세상 평택 하이센트(4BL),,,,아파트,,분양권,,2026-03-26,국토교통부 분양권/입주권 실거래
경기도,,평택시,현덕면 화양리,BL-7-1,41220,,평택화양 휴먼빌 퍼스트시티,평택화양 휴먼빌 퍼스트시티,,,,아파트,,분양권,,2026-02-03,국토교통부 분양권/입주권 실거래
경기도,,평택시,현덕면 화양리,BL-7-2,41220,,포레나 평택화양,포레나 평택화양,,,한화포레나평택화양,아파트,,분양권,,2026-06-22,국토교통부 분양권/입주권 실거래
경기도,,평택시,화양리,785,41220,경기도 평택시 화양지구 도시개발사업 9-1BL(경기도 평택시 현덕면 화양리 785번지 일원),신영지웰 평택화양,신영지웰 평택화양,,,,아파트,,분양권,2027-04,2026-05-26,국토교통부 분양권/입주권 실거래|청약홈 APT 분양정보
경기도,,평택시,화양리,산184-2,41220,경기도 평택시 현덕면 화양리 평택화양지구 8블록(A8BL 2LOT),평택화양 서희스타힐스 센트럴파크,평택화양 서희스타힐스 센트럴파크,,,평택화양 서희스타힐스 센트럴파크 2차,아파트,,분양권,2027-12,2026-07-10,국토교통부 분양권/입주권 실거래|청약홈 APT 분양정보
경기도,,하남시,천현동,130,41450,경기도 하남시 천현동 130 일원(하남교산지구 내 A-2블록),교산 푸르지오 더 퍼스트,교산 푸르지오 더 퍼스트,,,교산 푸르지오 더 퍼스트(본청약),아파트,,입주예정,2029-06,,청약홈 APT 분양정보
경기도,,화성시,,,41590,경기도 화성시 화성 동탄2지구 C28BL,화성 동탄2 주상복합용지 C28BL 리젠시빌란트,화성 동탄2 주상복합용지 C28BL 리젠시빌란트,,,화성 동탄2 주상복합용지 C28BL 리젠시빌란트(사전청약),아파트,,입주예정,2027-10,,청약홈 APT 분양정보
경기도,,화성시,,,41590,경기도 화성시 화성비봉 공공택지지구 B-1블록,화성 비봉지구 B1블록 금성백조 예미지2차,화성 비봉지구 B1블록 금성백조 예미지2차,,,,아파트,,입주예정,2027-10,,청약홈 APT 분양정보
경기도,,화성시,남양리,2198,41590,경기도 화성시 남양읍 남양리 2198 (남양뉴타운 B16BL),화성 남양뉴타운 우미 린 에듀하이,화성 남양뉴타운 우미 린 에듀하이,,,,아파트,,입주예정,2028-07,,청약홈 APT 분양정보
경기도,,화성시,산척동,746,41590,경기도 화성시 산척동 746번지 (화성동탄2 택지개발사업지구 A78BL),동탄 꿈의숲 자연앤 데시앙(A78BL),동탄 꿈의숲 자연앤 데시앙(A78BL),,,,아파트,,입주예정,2028-06,,청약홈 APT 분양정보
경기도,,화성시,산척동,749,41590,경기도 화성시 산척동 749번지 (화성동탄2 택지개발사업지구 A76-2BL),동탄 포레파크 자연앤 푸르지오(A76-2BL),동탄 포레파크 자연앤 푸르지오(A76-2BL),,,동탄 포레파크 자연앤 푸르지오(A76-2BL)(국민)|동탄 포레파크 자연앤 푸르지오(A76-2BL)(민영),아파트,,입주예정,2028-07,,청약홈 APT 분양정보
경기도,,화성시,신동,,41590,경기도 화성시 신동 동탄2택지개발지구(A57-2블럭),동탄신도시 금강펜테리움 7차 센트럴파크,동탄신도시 금강펜테리움 7차 센트럴파크,,,,아파트,,입주예정,2026-07,,청약홈 APT 분양정보
경기도,,화성시,신동,2,41590,경기도 화성시 동탄구 신동 화성동탄2 C-27블록,화성동탄2 C-27블록 공공분양주택,화성동탄2 C-27블록 공공분양주택,,,,아파트,473,입주예정,2029-06,,LH 청약플러스
경기도,,화성시,오산동,,41590,경기도 화성시 오산동 동탄2택지개발지구 C18BL,동탄2신도시 동탄역 대방 엘리움 더 시그니처(C18BL),동탄2신도시 동탄역 대방 엘리움 더 시그니처(C18BL),,,,아파트,,입주예정,2027-06,,청약홈 APT 분양정보
